INSERT INTO oc_pizza.adresse (
  id_adresse, numero_de_rue, complement_de_rue, nom_de_rue, immeuble, etage, escalier, appartement_numero, code_postal, ville, commentaire
) VALUES
(1, 10, NULL, 'Avenue de Grammont', NULL, NULL, NULL, NULL, 37000, 'Tours', NULL),
(2, 58, NULL, 'Boulevard du Maréchal Foch', NULL, NULL, NULL, NULL, 49100, 'Angers', NULL),
(3, 53, NULL, 'Boulevard Michelet', NULL, NULL, NULL, NULL, 44300, 'Nantes', NULL),
(4, 140, NULL, 'Rue de Brest', NULL, NULL, NULL, NULL, 35000, 'Rennes', NULL),
(5, 76, NULL, 'Avenue André Maginot', NULL, NULL, NULL, NULL, 37100, 'Tours', NULL),
(6, 83, NULL, 'Rue Gergovie', NULL, NULL, NULL, NULL, 75014, 'Paris', NULL),
(7, 9, NULL, 'Boulevard Louis Leprince-Ringuet', NULL, NULL, NULL, NULL, 72000, 'Le Mans', NULL),
(8, 25, NULL, 'Boulevard Joffre', NULL, NULL, NULL, NULL, 17000, 'La Rochelle', NULL),
(9, 3, 'Résidence Soleil', 'Rue Delahaye', 'C', '3', NULL, 34, 37000, 'Tours', 'Digicode 8104'),
(10, 3, 'Résidence Soleil', 'Rue Delahaye', 'B', '4', NULL, 32, 37000, 'Tours', 'Digicode 8104'),
(11, 57, NULL, 'Place du Grand Marché', NULL, NULL, NULL, NULL, 37000, 'Tours', NULL),
(12, 43, NULL, 'Avenue de Pont-Cher', NULL, NULL, NULL, NULL, 37200, 'Tours', NULL),
(13, 16, NULL, 'Rue Emile Aron', NULL, NULL, NULL, NULL, 37200, 'Tours', NULL),
(14, 3, 'Résidence Technopole', 'Allée Guy Charff', 'A', '2', NULL, NULL, 37200, 'Tours', 'Digicode 1222'),
(15, 31, NULL, 'Allée Ferdinand de Lesseps', NULL, NULL, NULL, NULL, 37200, 'Tours', NULL),
(16, 36, NULL, 'Rue Descartes', NULL, NULL, NULL, NULL, 37000, 'Tours', NULL),
(17, 17, NULL, 'Rue Colbert', NULL, NULL, NULL, NULL, 37000, 'Tours', NULL),
(18, 8, NULL, 'Rue de la lamproie', NULL, NULL, NULL, NULL, 37000, 'Tours', NULL),
(19, 67, NULL, 'Rue de l ancienne école normale', NULL, NULL, NULL, NULL, 37000, 'Tours', NULL),
(20, 2, 'bis', 'Allée de Beauséjour', NULL, NULL, NULL, NULL, 37000, 'Tours', NULL),
(21, 87, NULL, 'Rue des Violettes', NULL, NULL, NULL, NULL, 37000, 'Tours', NULL),
(22, 43, NULL, 'Allée des Aubépines', NULL, NULL, NULL, NULL, 37000, 'Tours', NULL),
(23, 6, NULL, 'Rue Saint Barthélemy', NULL, NULL, NULL, NULL, 37000, 'Tours', NULL),
(24, 34, NULL, 'Quai Paul Bert', NULL, NULL, NULL, NULL, 37000, 'Tours', NULL),
(25, 22, NULL, 'Rue de la paix', NULL, NULL, NULL, NULL, 37000, 'Tours', NULL),
(26, 86, NULL, 'Rue du Grand Marché', NULL, NULL, NULL, NULL, 37000, 'Tours', NULL),
(27, 51, NULL, 'Rue André Foussier', NULL, NULL, NULL, NULL, 37700, 'St Pierre des corps', NULL),
(28, 25, NULL, 'Rue Camille Desmoulins', NULL, NULL, NULL, NULL, 37700, 'St Pierre des corps', NULL),
(29, 36, NULL, 'Avenue Henri Adam', NULL, NULL, NULL, NULL, 37550, 'St Avertin', NULL),
(30, 13, NULL, 'Rue Croix Pasquier', NULL, NULL, NULL, NULL, 37000, 'Tours', NULL),
(31, 22, NULL, 'Rue de la Barre', NULL, NULL, NULL, NULL, 49000, 'Angers', NULL),
(32, 45, NULL, 'Avenue Jean Portalis', NULL, NULL, NULL, NULL, 37200, 'Tours', NULL),
(33, 14, NULL, 'Boulevard du Maréchal Foch', NULL, 'RC', NULL, 3, 49100, 'Angers', NULL),
(34, 12, NULL, 'Rue d’Alsace', NULL, '1', NULL, 6, 49100, 'Angers', 'Digicode 3465'),
(35, 6, NULL, 'Rue Voltaire', NULL, NULL, NULL, NULL, 49100, 'Angers', NULL),
(36, 23, NULL, 'Rue des Lices', NULL, '1', '1', 2, 49100, 'Angers', NULL),
(37, 42, NULL, 'Rue Hanneloup', NULL, NULL, NULL, NULL, 49100, 'Angers', NULL),
(38, 16, NULL, 'Boulevard du Roi René', NULL, NULL, NULL, NULL, 49100, 'Angers', NULL),
(39, 31, NULL, 'Rue du Haras', NULL, '2', NULL, 4, 49100, 'Angers', NULL),
(40, 21, NULL, 'Rue Ménage', NULL, NULL, NULL, NULL, 49100, 'Angers', NULL),
(41, 56, NULL, 'Rue Brémont', NULL, NULL, NULL, NULL, 49100, 'Angers', NULL),
(42, 3, NULL, 'Square Maurice Blanchard', NULL, NULL, NULL, NULL, 49100, 'Angers', NULL),
(43, 45, NULL, 'Rue Saint Aignan', NULL, NULL, NULL, NULL, 49100, 'Angers', NULL),
(44, 36, NULL, 'Boulevard Marc Leclerc', NULL, NULL, NULL, NULL, 49100, 'Angers', NULL),
(45, 27, NULL, 'Rue Voltaire', NULL, NULL, NULL, NULL, 49100, 'Angers', NULL),
(46, 3, NULL, 'Boulevard Henry Orrion', NULL, NULL, NULL, NULL, 44000, 'Nantes', NULL),
(47, 17, NULL, 'Boulevard Gabriel Lauriol', NULL, NULL, NULL, NULL, 44000, 'Nantes', NULL),
(48, 55, NULL, 'Rue de la Trémissinière', NULL, NULL, NULL, NULL, 44000, 'Nantes', NULL),
(49, 21, NULL, 'Boulevard des professeurs Sourdille', NULL, '2', NULL, 12, 44000, 'Nantes', NULL),
(50, 86, NULL, 'Rue François Farineau', NULL, '2', NULL, 5, 44000, 'Nantes', NULL),
(51, 43, NULL, 'Rue de Beethoven', NULL, '3', NULL, 3, 44000, 'Nantes', NULL),
(52, 35, NULL, 'Rue Massenet', NULL, NULL, NULL, NULL, 44000, 'Nantes', NULL),
(53, 28, NULL, 'Boulevard Robert Schuman', NULL, 4, NULL, 14, 44000, 'Nantes', NULL),
(54, 44, NULL, 'Rue du Transval', NULL, NULL, NULL, NULL, 44000, 'Nantes', NULL),
(55, 39, NULL, 'Rue Léon Jost', NULL, '1', NULL, 1, 44000, 'Nantes', NULL),
(56, 12, NULL, 'Rue du Ballet', NULL, NULL, NULL, NULL, 44000, 'Nantes', NULL),
(57, 26, NULL, 'Rue de Tullaye', NULL, 'RC', NULL, 2, 44000, 'Nantes', 'Sonner à l’entrée'),
(58, 6, NULL, 'Rue du Ballet', NULL, NULL, NULL, NULL, 44000, 'Nantes', NULL),
(59, 71, 'bis', 'Rue de la Trémissinière', NULL, NULL, NULL, NULL, 44000, 'Nantes', NULL),
(60, 198, NULL, 'Rue de Brest', NULL, NULL, NULL, NULL, 35000, 'Rennes', NULL),
(61, 134, NULL, 'Rue Papu', 'Jean Cocteau', '8', NULL, 6, 35000, 'Rennes', NULL),
(62, 15, 'bis', 'Rue Desaix', NULL, NULL, NULL, NULL, 35000, 'Rennes', NULL),
(63, 42, NULL, 'Rue de la Carrière', NULL, '2', NULL, 5, 35000, 'Rennes', NULL),
(64, 10, NULL, 'Rue du pré du mail', NULL, '1', NULL, 3, 35000, 'Rennes', 'Passer par le Portillon'),
(65, 91, NULL, 'Rue Philippe Lebon', NULL, NULL, NULL, NULL, 35000, 'Rennes', NULL),
(66, 18, 'A', 'Rue Jules Lallemand', NULL, '3', NULL, 2, 35000, 'Rennes', NULL),
(67, 12, NULL, 'Rue du 21 Juillet 1954', NULL, '1', NULL, 14, 35000, 'Rennes', NULL),
(68, 23, NULL, 'Square Yannick Frémin', NULL, NULL, NULL, NULL, 35000, 'Rennes', NULL),
(69, 44, NULL, 'Rue Turquety', NULL, '2', NULL, 8, 35000, 'Rennes', NULL),
(70, 10, NULL, 'Rue du pré du mail', NULL, 'RC', NULL, 3, 35000, 'Rennes', NULL),
(71, 34, NULL, 'Rue Barthélémy Pocquet', NULL, NULL, NULL, NULL, 35000, 'Rennes', NULL),
(72, 35, NULL, 'Rue de Lorgeril', NULL, '1', NULL, 6, 35000, 'Rennes', NULL),
(73, 134, NULL, 'Rue Papu', 'Jean Cocteau', '6', NULL, 13, 35000, 'Rennes', NULL);


INSERT INTO oc_pizza.pizzeria (
  id_pizzeria, nom, numero_telephone, email, adresse_id_adresse
) VALUES
(1, 'OC PIZZA Tours Grammont', '0261913714', 'tours.grammont@ocpizza.fr', 1),
(2, 'OC PIZZA Angers', '0261914910', 'angers@ocpizza.fr', 2),
(3, 'OC PIZZA Nantes', '0261914416', 'nantes@ocpizza.fr', 3),
(4, 'OC PIZZA Rennes', '0261913504', 'rennes@ocpizza.fr', 4),
(5, 'OC PIZZA Tours Maginot', '0261913715', 'tours.maginot@ocpizza.fr', 5),
(6, 'OC PIZZA Paris 14', '0199000114', 'paris14@ocpizza.fr', 6),
(7, 'OC PIZZA Le Mans', '0261917230', 'lemans@ocpizza.fr', 7),
(8, 'OC PIZZA La Rochelle', '0536491704', 'larochelle@ocpizza.fr', 8);


INSERT INTO oc_pizza.utilisateur (
  id_utilisateur, role, civilite, nom, prenom, numero_telephone, email, login, mot_de_passe, adresse_id_adresse, pizzeria_id_pizzeria
) VALUES
(1, 'gérant', 'Mme', 'Rambeau', 'Lola', '0639983750', 'lola.rambeau@ocpizza.fr', 'lola.rambeau@ocpizza.fr', 'fG787eYBy', 1, 1),
(2, 'gérant', 'Mr', 'Barton', 'Franck', '0639983751', 'franck.barton@ocpizza.fr', 'franck.barton@ocpizza.fr', 'nBe77Yh5S', 1, 1),
(3, 'livreur', 'Mr', 'Payet', 'Théo', '0639983752', 'theo.payet@ocpizza.fr', 'theo.payet@ocpizza.fr', 'G6CejL4t2', 1, 1),
(4, 'pizzaiolo', 'Mr', 'Mendez', 'Arnaud', '0261913714', 'arnaud.mendez@ocpizza.fr', 'arnaud.mendez@ocpizza.fr', 'NMxM3yz99', 1, 1),
(5, 'hotesse', 'Mme', 'Araujo', 'Léa', '0261913714', 'lea.araujo@ocpizza.fr', 'lea.araujo@ocpizza.fr', 'XNed228Tq', 1, 1),
(6, 'livreur', 'Mr', 'Duquesne', 'Jacques', '0639983753', 'jacques.duquesne@ocpizza.fr', 'jacques.duquesne@ocpizza.fr', '99T6sJkEk', 1, 1),
(7, 'livreur', 'Mr', 'Sahl', 'Fadi', '0639983754', 'fadi.sahl@ocpizza.fr', 'fadi.sahl@ocpizza.fr', '23eyZr2CK', 1, 1),
(8, 'pizzaiolo', 'Mlle', 'Rocha', 'Magali', '0261913714', 'magali.rocha@ocpizza.fr', 'magali.rocha@ocpizza.fr', 'e5u3EYu9R', 1, 1),
(9, 'livreur', 'Mr', 'Daigle', 'Alain', '0639983755', 'alain.daigle@ocpizza.fr', 'alain.daigle@ocpizza.fr', '2bT2k5jND', 1, 1),
(10, 'client', NULL, 'Riviere', 'Edouard', '0639988622', 'edouard37@example.fr', 'edouard37@example.fr', 'E9Nt8y2Qt', 9, 1),
(11, 'client', NULL, 'Bernard', 'Sarah', '0639982745', 'sarah.bernard@exemple.fr', 'sarah.bernard@exemple.fr', '7i7p5gLSM', 10, 1),
(12, 'client', NULL, 'Boyer', 'Henry', '0261912612', 'henry.boyer435@example.fr', 'henry.boyer435@example.fr', 'C4nV4js6B', 11, 1),
(13, 'client', NULL, 'Jacob', 'Nora', '0639989467', 'norah@aomail.fr', 'norah@aomail.fr', '9kDcC8nR4', 12, 1),
(14, 'client', 'Pr', 'Baresi', 'Judit', '0261912634', 'jbaresi@aomail.fr', 'jbaresi@aomail.fr', 'Q6L2hyr9A', 13, 1),
(15, 'client', NULL, 'Amsel', 'Sophie', '0639980323', 'amselsophie@example.fr', 'amselsophie@example.fr', 'f9D25gyLX', 14, 1),
(16, 'client', NULL, 'Sullivan', 'Jack', '0261911532', 'sullivan.jack@exemple.fr', 'sullivan.jack@exemple.fr', 'L68tQqJj7', 15, 1),
(17, 'client', NULL, 'Gary', 'Tony', '0639982467', 'tony22@yaxemple.com', 'tony22@yaxemple.com', '2yBx2Yh2Q', 16, 1),
(18, 'client', 'Dr', 'Castillo', 'Adrian', '0639981745', 'adrian765@exemple.fr', 'adrian765@exemple.fr', '3MBx9jbM4', 17, 1),
(19, 'client', NULL, 'Lacroix', 'Kevin', '0639989273', 'kevin.lacroix@aomail.fr', 'kevin.lacroix@aomail.fr', 'hJ9Vi5Z5a', 18, 1),
(20, 'client', 'Mme', 'Chiang', 'Assia', '0261910909', 'assiachi@yaexemple.com', 'assiachi@yaexemple.com', 'Zfm77wT9W', 19, 1),
(21, 'client', NULL, 'Ghadir', 'Leila', '0639982882', 'ileo@dotmail.com', 'ileo@dotmail.com', 'w2R78FjHs', 20, 1),
(22, 'client', NULL, 'Marcos', 'Patricia', '0261912165', 'tmajoure@exemple.fr', 'tmajoure@exemple.fr', '4x64DymFC', 21, 1),
(23, 'client', 'Mr', 'Kinjou', 'Ismael', '0639983814', 'ismael.kinjou@aomail.fr', 'ismael.kinjou@aomail.fr', '62PbW7veR', 22, 1),
(24, 'pizzaiolo', 'Mlle', 'Mantis', 'Carol', '0261914910', 'carol.mantis@ocpizza.fr', 'carol.mantis@ocpizza.fr', 'FZ7f6rC6m', 2, 2),
(25, 'hotesse', 'Mr', 'Marseau', 'Thierry', '0261914910', 'thierry.marseau@ocpizza.fr', 'thierry.marseau@ocpizza.fr', '93zHVxSt7', 2, 2),
(26, 'livreur', 'Mr', 'Miller', 'Leon', '0639984020', 'leon.miller@ocpizza.fr', 'leon.miller@ocpizza.fr', 't24wJX4yJ', 2, 2),
(27, 'livreur', 'Mme', 'Garcia', 'Victoria', '0639984021', 'victoria.garcia@ocpizza.fr', 'victoria.garcia@ocpizza.fr', 'Z48zdCqU8', 2, 2),
(28, 'livreur', 'Mr', 'Crawford', 'Léo', '0639984022', 'leo.crawford@ocpizza.fr', 'leo.crawford@ocpizza.fr', 't6sb7R5WY', 2, 2),
(29, 'livreur', 'Mr', 'Kenero', 'Sergio', '0639984023', 'sergio.kenero@ocpizza.fr', 'sergio.kenero@ocpizza.fr', 'Pqr4pR5N2', 2, 2),
(30, 'client', 'Mr', 'Torres', 'Steve', '0639987524', 'stevesuper@exemple.fr', 'stevesuper@exemple.fr', 'vY5B5p2nM', 23, 2),
(31, 'client', NULL, 'Bonnet', 'Romain', '0261910839', 'zehna@yaexemple.fr', 'zehna@yaexemple.fr', 'dS9CP6q6w', 24, 2),
(32, 'client', 'Mlle', 'Joly', 'Emna', '0639982567', 'emna1987@exemple.fr', 'emna1987@exemple.fr', 'k7Lh2nNE5', 25, 2),
(33, 'client', NULL, 'YanMai', 'Lina', '0639981017', 'linayanmai@dotmail.com', 'linayanmai@dotmail.com', 'pe378KBAi', 26, 2),
(34, 'client', NULL, 'Touki', 'Clara', '0639986121', 'claraclara@aomail.fr', 'claraclara@aomail.fr', 'Kb6n9r8GS', 27, 2),
(35, 'client', 'Mr', 'Chevalier', 'Jean-Marc', '0261912017', 'jmc49@yaexemple.fr', 'jmc49@yaexemple.fr', 'r2Hq3Tg6A', 28, 2),
(36, 'client', 'Mr', 'Burgos', 'Andrès', '0261913465', 'andres.lov@example.fr', 'andres.lov@example.fr', 'x7Mg3EW9m', 29, 2),
(37, 'client', 'Mlle', 'Nassar', 'Morgane', '0639988923', 'momo44@yaexemple.fr', 'momo44@yaexemple.fr', 'zU3PMp6d2', 30, 2),
(38, 'client', NULL, 'Eberhart', 'Ines', '0261914399', 'missines@aomail.fr', 'missines@aomail.fr', '7ETem5fR2', 31, 2),
(39, 'client', NULL, 'Barbier', 'Yannis', '0261910834', 'y.barbier@exemple.fr', 'y.barbier@exemple.fr', 'A35pTeq2M', 32, 2),
(40, 'client', NULL, 'Rousseau', 'Jacques', '0639987893', 'marokih@exemple.fr', 'marokih@exemple.fr', 'vU57QdG2j', 33, 2),
(41, 'client', 'Mme', 'Fleetwood', 'Raquel', '0639987332', 'raquel.es@example.fr', 'raquel.es@example.fr', '4fC3Nqq8L', 34, 2),
(42, 'client', 'Mlle', 'Tanabe', 'Rokia', '0261912616', 'kuchiki@exemple.fr', 'kuchiki@exemple.fr', 'S46d9geBM', 35, 2),
(43, 'client', NULL, 'Fathiyah Saliba', 'Sofiane', '0639985749', 'zeronane@yaexemple.fr', 'zeronane@yaexemple.fr', 'Hq35Wzx4N', 36, 2),
(44, 'pizzaiolo', 'Mr', 'DeGrasse', 'John', '0261914416', 'john.degrasse@ocpizza.fr', 'john.degrasse@ocpizza.fr', 'dLL3g9w9V', 3, 3),
(45, 'hotesse', 'Mme', 'Gauthier', 'Claire', '0261914416', 'claire.gauthier@ocpizza.fr', 'claire.gauthier@ocpizza.fr', '8QSY66jxj', 3, 3),
(46, 'livreur', 'Mr', 'Pike', 'Clovis', '0639984230', 'clovis.pike@ocpizza.fr', 'clovis.pike@ocpizza.fr', 'mjY5A9pZ8', 3, 3),
(47, 'livreur', 'Mr', 'Lamaire', 'Yannis', '0639984231', 'yannis.lamaire@ocpizza.fr', 'yannis.lamaire@ocpizza.fr', '56SyhE3dY', 3, 3),
(48, 'livreur', 'Mlle', 'Rantala', 'Augustine', '0639984232', 'augustine.rantala@ocpizza.fr', 'augustine.rantala@ocpizza.fr', '6jm7Q8UQx', 3, 3),
(49, 'pizzaiolo', 'Mr', 'Bazzi', 'Sohan', '0261914416', 'sohan.bazzi@ocpizza.fr', 'sohan.bazzi@ocpizza.fr', '9XH7fKn7p', 3, 3),
(50, 'livreur', 'Mr', 'Cook', 'Steve', '0639984233', 'steve.cook@ocpizza.fr', 'steve.cook@ocpizza.fr', 'C3e5k3DrZ', 3, 3),
(51, 'client', NULL, 'Saul', 'Guillermo', '0639981693', 'guillermodelsaul@exemple.fr', 'guillermodelsaul@exemple.fr', 'Ca8My9Tj7', 37, 3),
(52, 'client', 'Mr', 'Austin', 'Aaron', '0261911198', 'realaaron@exemple.fr', 'realaaron@exemple.fr', '562ihtQAZ', 38, 3),
(53, 'client', NULL, 'Payet', 'Vanessa', '0261918632', 'vanessa.payet@yaexemple.fr', 'vanessa.payet@yaexemple.fr', 'g66kZZZ6q', 39, 3),
(54, 'client', NULL, 'Shammas', 'Ines', '0639985736', 'ines44@exemple.fr', 'ines44@exemple.fr', 'Kn3P6Hgw8', 40, 3),
(55, 'client', 'Mlle', 'Miller', 'Sarah', '0639986490', 'sarahmilly@dotmail.fr', 'sarahmilly@dotmail.fr', 'KRygJ2m52', 41, 3),
(56, 'client', 'Mlle', 'Martinez', 'Teresa', '0261915676', 't.martinez@yaexemple.fr', 't.martinez@yaexemple.fr', 'wN3C8wf6F', 42, 3),
(57, 'client', NULL, 'Boyer', 'Justine', '0639989247', 'boyer.justine@example.fr', 'boyer.justine@example.fr', '72Zu4jPqN', 43, 3),
(58, 'client', 'Mme', 'Palomino', 'Laure', '0639980725', 'marsian412@aomail.fr', 'marsian412@aomail.fr', 'Ab7n49WtT', 44, 3),
(59, 'client', 'Mr', 'Naser', 'Ibrahim', '0261910085', 'ibra.na@exemple.fr', 'ibra.na@exemple.fr', 'DCftJ5w52', 45, 3),
(60, 'client', NULL, 'Ghadir', 'Amir', '0639988020', 'amirmoon@dotmail.com', 'amirmoon@dotmail.com', '559tVaASd', 46, 3),
(61, 'client', 'Mr', 'Rodriguez', 'Eric', '0261912016', 'rodri444@exemple.fr', 'rodri444@exemple.fr', '7ZXs5R6ip', 47, 3),
(62, 'client', NULL, 'Krol', 'Jocelyne', '0261919713', 'jokrol@yaexemple.fr', 'jokrol@yaexemple.fr', '4Dkc9KSa3', 48, 3),
(63, 'client', NULL, 'Cabollero', 'Jennah', '0261914419', 'jennahcabollero@example.fr', 'jennahcabollero@example.fr', 'DQ5uDc43y', 49, 3),
(64, 'client', 'Mr', 'Gil', 'Manuel', '0261916788', 'manuon@example.fr', 'manuon@example.fr', '5MhnyK4G9', 50, 3),
(65, 'pizzaiolo', 'Mme', 'Palmu', 'Laila', '0261913504', 'laila.palmu@ocpizza.fr', 'laila.palmu@ocpizza.fr', 'vV39w5JaT', 4, 4),
(66, 'hotesse', 'Mr', 'Lariviere', 'Antoine', '0261913504', 'antoine.lariviere@ocpizza.fr', 'antoine.lariviere@ocpizza.fr', '9KrY7dp2G', 4, 4),
(67, 'livreur', 'Mlle', 'Dupond', 'Alice', '0639983840', 'alice.dupond@ocpizza.fr', 'alice.dupond@ocpizza.fr', 'yV6q8Ex8B', 4, 4),
(68, 'livreur', 'Mlle', 'Nicolas', 'Mélanie', '0639983841', 'melanie.nicolas@ocpizza.fr', 'melanie.nicolas@ocpizza.fr', 'pZ2Br7t7V', 4, 4),
(69, 'livreur', 'Mr', 'Hétu', 'Théo', '0639983842', 'theo.hetu@ocpizza.fr', 'theo.hetu@ocpizza.fr', 'sCV8Dr97r', 4, 4),
(70, 'livreur', 'Mr', 'Tomic', 'Adam', '0639983843', 'adam.tomic@ocpizza.fr', 'adam.tomic@ocpizza.fr', 'T9q29pBHs', 4, 4),
(71, 'client', NULL, 'Abdul Bahar', 'Samuel', '0261912884', 'samy@dotmail.com', 'samy@dotmail.com', 'tBB5Yy65y', 51, 4),
(72, 'client', 'Mr', 'Victor', 'Sohan', '0639985890', 'sohan.viccy@yaexemple.com', 'sohan.viccy@yaexemple.com', 'hH736WrvB', 52, 4),
(73, 'client', NULL, 'Lacroix', 'Yasmine', '0639986976', 'y.lacroix@exemple.fr', 'y.lacroix@exemple.fr', 'z9D3e2cYC', 53, 4),
(74, 'client', 'Mlle', 'Amari', 'Jessica', '0639987245', 'jessam@dotmail.com', 'jessam@dotmail.com', 'Sa5Ww4d6W', 54, 4),
(75, 'client', NULL, 'Garcia', 'Robert', '0261912374', 'rob.garcia@yaexemple.com', 'rob.garcia@yaexemple.com', 'usA563QGi', 55, 4),
(76, 'client', NULL, 'Botros', 'Celia', '0639984856', 'dvoordelige.c@aomail.com', 'dvoordelige.c@aomail.com', '6BnBmw37H', 56, 4),
(77, 'client', 'Mr', 'Benoit', 'Howard', '0261917710', 'howard.st@example.fr', 'howard.st@example.fr', 'cE9nMf52J', 57, 4),
(78, 'client', NULL, 'Borkowska', 'Nelya', '0261913348', 'nelya95@exemple.fr', 'nelya95@exemple.fr', '4FtMK8nm7', 58, 4),
(79, 'client', 'Mr', 'Austin', 'Julien', '0639983956', 'jaustin@dotmail.com', 'jaustin@dotmail.com', 'b49JdrC8H', 59, 4),
(80, 'client', 'Mr', 'Gautier', 'Francis', '0639983637', 'francis9@aomail.fr', 'francis9@aomail.fr', '3sBx4cNT9', 60, 4),
(81, 'client', 'Dr', 'Folliero', 'Paola', '0639988630', 'paola.kanso31@exemple.fr', 'paola.kanso31@exemple.fr', 'Krq93K9Tx', 61, 4),
(82, 'client', 'Mlle', 'Marid Bazzi', 'Manel', '0261910910', 'mamaba@exemple.fr', 'mamaba@exemple.fr', '54zYbq9QS', 62, 4),
(83, 'client', NULL, 'Guzman', 'Mohamed', '0639986374', 'emohamedg@dotmail.com', 'emohamedg@dotmail.com', '3kKrGD64r', 63, 4),
(84, 'pizzaiolo', 'Mr', 'Benedikts', 'Eliot', '0261913715', 'eliot.benedikts@ocpizza.fr', 'eliot.benedikts@ocpizza.fr', 'EvA4C9i5e', 5, 5),
(85, 'hotesse', 'Mme', 'Ghadir', 'Morgane', '0261913715', 'morgane.ghadir@ocpizza.fr', 'morgane.ghadir@ocpizza.fr', 'A58dj5CCy', 5, 5),
(86, 'livreur', 'Mlle', 'Torres', 'Teresa', '0639983210', 'teresa.torres@ocpizza.fr', 'teresa.torres@ocpizza.fr', '7a8KUEug9', 5, 5),
(87, 'livreur', 'Mr', 'Parango', 'Octave', '0639983211', 'octave.parango@ocpizza.fr', 'octave.parango@ocpizza.fr', 'uNjt7FB63', 5, 5),
(88, 'livreur', 'Mlle', 'Esperanza', 'Olivie', '0639983212', 'olivie.esperanza@ocpizza.fr', 'olivie.esperanza@ocpizza.fr', 'E7r4vWK8n', 5, 5),
(89, 'client', NULL, 'Boehm', 'Myriam', '0639987903', 'mamamyriam@exemple.fr', 'mamamyriam@exemple.fr', 'ZDkTr69v6', 64, 5),
(90, 'client', 'Mlle', 'Jackson', 'Florence', '0639980455', 'flodja@example.fr', 'flodja@example.fr', 'k6gLvNE96', 65, 5),
(91, 'client', 'Mme', 'Umaba', 'Ariana', '0261917475', 'greatariana@exemple.fr', 'greatariana@exemple.fr', 'wPpS9xD78', 66, 5),
(92, 'client', NULL, 'Fawwaz', 'Rayan', '0639983736', 'fawrayan@example.fr', 'fawrayan@example.fr', 'mf7J4cLQ3', 67, 5),
(93, 'client', NULL, 'Kalilla', 'Fatou', '0261915545', 'losiea.kal@dotmail.com', 'losiea.kal@dotmail.com', 'r2jD36KGi', 68, 5),
(94, 'client', NULL, 'Campbell', 'Gary', '0261910840', 'imgary@example.fr', 'imgary@example.fr', 'V8Mh2Ezt2', 69, 5),
(95, 'client', 'Mr', 'Thomas', 'Tony', '0639989818', 'tt_thomas@exemple.fr', 'tt_thomas@exemple.fr', 'sHM32Dc8z', 70, 5),
(96, 'client', NULL, 'Cavazos Rosas', 'Laura', '0639987634', 'lol.cava@aomail.fr', 'lol.cava@aomail.fr', 'V54ds8GqH', 71, 5),
(97, 'client', 'Mme', 'Nazeeka Sleiman', 'Farah', '0261917010', 'farahns@dotmail.com', 'farahns@dotmail.com', 'A8t6LWek3', 72, 5),
(98, 'client', NULL, 'Floki', 'Dany', '0639982320', 'realfloki@example.fr', 'realfloki@example.fr', 'BDp62aUe3', 73, 5);


INSERT INTO oc_pizza.categorie (
  id_categorie, categorie, sous_categorie
) VALUES
(1, 'entrée', NULL),
(2, 'pizza', NULL),
(3, 'pizza', 'base crème'),
(4, 'pizza', 'base tomate'),
(5, 'pizza', 'vegan'),
(6, 'pizza', 'spéciale'),
(7, 'pizza', 'sucrée'),
(8, 'salade', NULL),
(9, 'bruschetta', NULL),
(10, 'dessert', 'glacé'),
(11, 'dessert', 'patisserie'),
(12, 'boisson', 'plate'),
(13, 'boisson', 'gazeuse'),
(14, 'sauce', NULL);


INSERT INTO oc_pizza.produit (
  id_produit, categorie_id_categorie, nom, composition, prix_vente_ht, prix_vente_ttc
) VALUES
(1, 4, 'Margherita', 'Sauce tomate, Tomates, olives, origan, mozzarella, fromage rapé', 12.5, 15.0),
(2, 4, 'Pizza Pasta', 'Sauce tomate, pâtes fraiches, jambon sec, pesto, fromage rapé', 14.92, 17.9),
(3, 4, 'Calzone', 'Sauce tomate, jambon, mozzarella, parmesan, oeuf, fromage rapé', 13.34, 16.0),
(4, 3, 'La Savoyarde', 'Base crème fraîche, pomme de terre lamelles, Saint-Nectaire, oignons caramélisés, jambon cru', 14.92, 17.9),
(5, 3, 'La Nordique', 'Base crème fraiche, saumon fumé, aneth, fromage rapé', 14.92, 17.9),
(6, 5, 'Vegetale', 'Base crème fraîche, fromage , aubergine, chèvre, olives, marinade miel/moutarde à l ancienne', 12.5, 15.0),
(7, 4, 'Chicken', 'Base crème fraîche, poulet , mozzarella, chèvre, fromage rapé', 14.92, 17.9),
(8, 7, 'Pizza banane-choco', 'Pâte à pizza, chocolat, bananes marinées', 10.0, 12.0),
(9, 8, 'Salade de thon', 'Salade verte, thon, tomates cerises, olives, emmental', 5.42, 6.5),
(10, 8, 'Salade Caesar', 'Mélange de salades, émincés de poulet rôti, parmesan, tomates cerises, croûtons grillés', 5.42, 6.5),
(11, 8, 'Salade du pecheur', 'Salade verte, tomates cerises, émincé de saumon fumé, émincé de truite fumée, oignons frits', 5.42, 6.5),
(12, 8, 'Salade Vegan', 'Salade verte, tomates cerises, Mozzarella di Bufala Campana, croutons, sauce au pesto', 5.42, 6.5),
(13, 9, 'Brusch’ Nordique', 'Pain de mais, base crème fraiche, saumon, aneth, fromage rapé', 5.0, 6.0),
(14, 9, 'Brusch’ Savoyarde', 'Pain aux céréales, base de crème fraîche, pommes de terre, reblochon, jambon sec', 5.0, 6.0),
(15, 9, 'Brusch’ Boeuf Spicy', 'Pain complet, base sauce tomate, boeuf épicé, oignons, épices', 5.0, 6.0),
(16, 9, 'Brusch’ Francaise', 'Pain de campagne, base sauce tomate, jambon au torchon, champignons, fromage', 5.0, 6.0),
(17, 10, 'Mars glacé', NULL, 1.58, 1.9),
(18, 10, 'Snickers glacé', NULL, 1.58, 1.9),
(19, 10, 'Bounty glacé', NULL, 1.58, 1.9),
(20, 10, 'Pot de glace vanille 100ml', NULL, 2.46, 2.95),
(21, 10, 'Pot de glace chocolat 100ml', NULL, 2.46, 2.95),
(22, 10, 'Pot de glace brownies 100ml', NULL, 2.66, 3.2),
(23, 10, 'Pot de glace cookies 100ml', NULL, 2.66, 3.2),
(24, 11, 'Moelleux chocolat Maison', NULL, 3.25, 3.9),
(25, 11, 'Mini Beignets chocolat Maison', NULL, 3.25, 3.9),
(26, 11, 'Part de Crumble pommes poires noisettes Maison', NULL, 3.25, 3.9),
(27, 11, 'Part de crumble fruits rouges Maison', NULL, 3.25, 3.9),
(28, 12, 'Eau Minérale Evian 0,5 L', NULL, 1.58, 1.9),
(29, 13, 'Badoit 0,5 L', NULL, 1.66, 2.0),
(30, 13, 'San Pellegrino 0,5 L', NULL, 1.75, 2.1),
(31, 12, 'Citronnade 33 Cl', NULL, 1.58, 1.9),
(32, 12, 'Thé glacé Pêche 33 Cl', NULL, 1.58, 1.9),
(33, 12, 'Thé glacé Citron 33 Cl', NULL, 1.58, 1.9),
(34, 12, 'Thé glacé Menthe 33 Cl', NULL, 1.58, 1.9),
(35, 13, 'Sprite 33 Cl', NULL, 1.58, 1.9),
(36, 13, 'Fanta Citron 33 Cl', NULL, 1.58, 1.9),
(37, 13, 'Fanta Orange 33 Cl', NULL, 1.58, 1.9),
(38, 12, 'Tropico 1.5 L', NULL, 2.5, 3.0),
(39, 13, 'Pepsi Cola 33 Cl', NULL, 1.58, 1.9),
(40, 13, 'Pepsi Cola Max 33 Cl', NULL, 1.58, 1.9),
(41, 13, 'Pepsi Cola Cerise 33 Cl', NULL, 1.58, 1.9),
(42, 14, 'Sauce Barbecue', NULL, 0.25, 0.3),
(43, 14, 'Sauce Ciboulette', NULL, 0.25, 0.3),
(44, 14, 'Sauce Curry', NULL, 0.25, 0.3),
(45, 14, 'Sauce Chinoise', NULL, 0.25, 0.3),
(46, 14, 'Sauce Ketchup', NULL, 0.25, 0.3),
(47, 14, 'Sauce Moutarde', NULL, 0.25, 0.3),
(48, 14, 'Sauce Caesar', NULL, 0.25, 0.3),
(49, 14, 'Vinaigrette Balsamique', NULL, 0.25, 0.3),
(50, 14, 'Vinaigrette Noisette', NULL, 0.25, 0.3),
(51, 1, 'Potatoes', 'Pommes de terre dorées au four et délicatement épicées 200g', 3.33, 3.99),
(52, 1, 'Bouchées fromage', '6 bouchées panées au fromage fondant', 3.33, 3.99),
(53, 1, 'Onion Rings', '6 anneaux d’oignons panés', 3.33, 3.99),
(54, 1, 'Rouleaux Mozzarella', '6 rouleaux panés coeur de mozzarella', 3.33, 3.99),
(55, 1, 'Bouchées poulet', '6 morceaux de blancs de poulet moelleux dans une chapelure dorée et croustillante', 3.33, 3.99);


INSERT INTO oc_pizza.composant (
  id_composant, nom, volumetrie, unite_mesure
) VALUES
(1, 'boite à pizza', 1.00, 'pièce(s)'),
(2, 'récipient carton salade', 1.00, 'pièce(s)'),
(3, 'pate à pizza', 1.00, 'pièce(s)'),
(4, 'crème fraiche', 3000.00, 'gramme(s)'),
(5, 'sauce tomate', 3000.00, 'gramme(s)'),
(6, 'lardons', 1000.00, 'gramme(s)'),
(7, 'jambon', 1.00, 'tranche(s)'),
(8, 'jambon sec', 1.00, 'tranche(s)'),
(9, 'viande hachée', 1000.00, 'gramme(s)'),
(10, 'chorizo', 200.00, 'gramme(s)'),
(11, 'saumon fumé en tranche', 1.00, 'tranche(s)'),
(12, 'mozzarella', 1.00, 'pièce(s)'),
(13, 'olives', 250.00, 'pièce(s)'),
(14, 'oignon', 1.00, 'pièce(s)'),
(15, 'fromage rapé (emmental)', 1000.00, 'gramme(s)'),
(16, 'tomate', 1.00, 'pièce(s)'),
(17, 'tomates cerises', 1.00, 'pièce(s)'),
(18, 'salade verte', 200.00, 'gramme(s)'),
(19, 'fromage rapé cantal', 500.00, 'gramme(s)'),
(20, 'bacon', 1.00, 'pièce(s)'),
(21, 'rebochon', 450.00, 'gramme(s)'),
(22, 'émincés de poulet', 1000.00, 'gramme(s)'),
(23, 'pomme de terre', 1.00, 'pièce(s)'),
(24, 'champignons', 1.00, 'pièce(s)'),
(25, 'fromage de chèvre', 1.00, 'pièce(s)'),
(26, 'ananas', 1.00, 'pièce(s)'),
(27, 'oeuf', 1.00, 'pièce(s)'),
(28, 'roquette', 200.00, 'gramme(s)'),
(29, 'mélange de salades', 200.00, 'gramme(s)'),
(30, 'origan', 200.00, 'gramme(s)'),
(31, 'ail semoule', 200.00, 'gramme(s)'),
(32, 'paprika', 200.00, 'gramme(s)'),
(33, 'sel', 200.00, 'gramme(s)'),
(34, 'poivre', 200.00, 'gramme(s)'),
(35, 'pâtes fraiches', 500.00, 'gramme(s)'),
(36, 'pesto', 1000.00, 'gramme(s)'),
(37, 'parmesan', 500.00, 'gramme(s)'),
(38, 'Saint-Nectaire', 1000.00, 'gramme(s)'),
(39, 'aneth', 200.00, 'gramme(s)'),
(40, 'aubergine', 200.00, 'gramme(s)'),
(41, 'marinade miel/moutarde', 50.00, 'centilitre(s)'),
(42, 'morceau de poulet', 1000.00, 'gramme(s)'),
(43, 'thon', 400.00, 'gramme(s)'),
(44, 'croutons grillés', 300.00, 'gramme(s)'),
(45, 'truite fumée', 1.00, 'tranche(s)'),
(46, 'pain de mais', 8.00, 'tranche(s)'),
(47, 'pain aux céréales', 8.00, 'tranche(s)'),
(48, 'pain complet', 8.00, 'tranche(s)'),
(49, 'pain de campagne', 8.00, 'tranche(s)'),
(50, 'mélange épices', 200.00, 'gramme(s)'),
(51, 'camembert', 1000.00, 'gramme(s)'),
(52, 'chapelure', 300.00, 'gramme(s)'),
(53, 'chocolat tablette', 200.00, 'gramme(s)'),
(54, 'poivrons', 1.00, 'pièce(s)'),
(55, 'huile d’olive', 200.00, 'centilitre(s)'),
(56, 'huile de coco', 100.00, 'centilitre(s)'),
(57, 'eau gazeuse', 150.00, 'centilitre(s)'),
(58, 'eau plate', 150.00, 'centilitre(s)'),
(59, 'sucre roux', 500.00, 'gramme(s)'),
(60, 'pate de chocolat', 1000.00, 'gramme(s)'),
(61, 'banane', 1.00, 'pièce(s)'),
(62, 'emmental', 500.00, 'gramme(s)'),
(63, 'demi boite à pizza', 1.00, 'pièce(s)'),
(64, 'récipient carton friture', 1.00, 'pièce(s)'),
(65, 'filet saumon fumé', 300.00, 'gramme(s)'),
(66, 'farine', 10000.00, 'gramme(s)'),
(67, 'levure', 125.00, 'gramme(s)');


INSERT INTO oc_pizza.recette (
  produit_id_produit, recette
) VALUES
(1, '1- Préchauffer le four à bois \n2- Etaler la boule de pâte à pizza \n3- Ajouter la sauce tomate \n4- Ajouter les tranches de tomate \n5- Ajouter le fromage râpé \n6- Ajouter l’origan \n7- Ajouter la mozzarella en lamelles \n8- Ajouter les olives \n9- Passer 6 minutes au four'),
(2, '1- Préchauffer le four à bois \n2- Etaler la boule de pâte à pizza \n3- Ajouter la sauce tomate \n4- Ajouter les lamelles de jambon sec \n5- Faire cuire les pâtes fraiches 3 minutes \n6- Ajouter une fois égoutté à la préparation \n7- Ajouter les pointes de pesto \n8- Ajouter le fromage râpé \n9- Passer 6 minutes au four'),
(3, '1- Préchauffer le four à bois \n2- Etaler la boule de pâte à pizza \n3- Ajouter la sauce tomate sur la moitié de la pâte \n4- Couper le jambon en lamelles de 3cm \n5- Ajouter des lamelles de mozzarella \n6- Raper le parmesan et ajouter les lamelles \n7- Ajouter le fromage râpé \n8- Casser un oeuf et le poser délicatement au centre de la préparation en cours \n9- Fermer la pizza comme un chausson sans que l’air passe \n10- Passer 10 minutes au four'),
(4, '1- Préchauffer le four à bois et la poêle \n2- Etaler la boule de pâte à pizza \n3- Ajouter la crème fraiche \n4- Ajouter les pommes de terre précuite coupées en lamelles \n5- Faire revenir rapidement les oignons à la poêle 3 minutes \n6- Déglacer les oignons à l’eau gazeuse \n7- Ajouter les tranches de jambon cru \n8- Couper des lamelles de Saint-Nectaire et les mettre sur la pizza \n9- Ajouter les oignons caramélisés \n10- Passer 6 minutes au four'),
(5, '1- Préchauffer le four à bois \n2- Etaler la boule de pâte à pizza \n3- Ajouter la crème fraiche \n4- Ajouter le saumon fumé en tranche \n5- Ajouter le fromage à râper \n6- Ajouter l’aneth \n7- Passer 6 minutes au four'),
(6, '1- Préchauffer le four à bois et la poêle \n2- Etaler la boule de pâte à pizza \n3- Ajouter la crème fraiche \n4- Faire de revenir des fines tranches d’aubergines à la poêle dans de l’huile d’olive \n5- Une fois terminé déglacer celles-ci rapidement à l’eau gazeuse et ajouter à la pizza \n6- Ajouter des tranches de fromage de chèvre \n7- Ajouter les olives \n8- Finir avec la marinade miel/moutarde au pinceau sur les aubergines \n9- Passer 6 minutes au four'),
(7, '1- Préchauffer le four à bois \n2- Etaler la boule de pâte à pizza \n3- Ajouter la crème fraiche \n4- Ajouter des lamelles de poulet \n5- Découper la mozzarella en tranches et les ajouter \n6- Découper le chèvre en tranches et l’ajouter 6\nAjouter le fromage rapé \n7- Passer 6 minutes au four'),
(8, '1- Préchauffer le four à bois et la poêle \n2- Etaler la boule de pâte à pizza \n3- Ajouter la pate de chocolat sur la pâte \n4- Couper les bananes en rondelles \n5- Faire revenir les bananes dans une poêle avec un peu de sucre et une huile de coco jusqu’à coloration \n6- Placer les rondelles sur la pizza \n7- Passer 8 minutes au four'),
(9, '1- Prendre une boite à salade \n2- Ajouter la salade dans la boite jusqu’à mi-hauteur \n3- Ajouter le thon émietté \n4- Couper les tomates cerises en deux et les ajouter \n5- Ajouter les olives \n6- Couper des dés d’emmental et les ajouter à la préparation \n7- Fermer la boite'),
(10, '1- Prendre une boite à salade \n2- Ajouter la salade dans la boite jusqu’à mi-hauteur \n3- Faire revenir le poulet à la poêle dans un filé d’huile d’olive pendant 5 minutes \n4- Degraisser et verser dans la boite \n5- Couper les tomates cerises en deux et les ajouter \n6- Ajouter une dose de croûtons grillés \n7- Raper le parmesan et ajouter les lamelles \n8- Fermer la boite'),
(11, '1- Prendre une boite à salade \n2- Ajouter la salade dans la boite jusqu’à mi-hauteur \n3- Emincer le saumon en petite bande de 3cm par 2cm et l’ajouter \n4- Emincer la truite en petite bande de 3cm par 2cm et l’ajouter \n5- Faire frire des oignons jusqu’à coloration \n6- Degraisser les oignons et les ajouter à la boite \n7- Fermer la boite'),
(12, '1- Prendre une boite à salade \n2- Ajouter la salade dans la boite jusqu’à mi-hauteur \n3- Couper les tomates cerises en deux et les ajouter \n4- Ajouter une mozzarella entière à la préparation \n5- Ajouter une dose de croûtons grillés \n6- Napper de sauce pesto \n7- Fermer la boite'),
(13, '1- Préchauffer le four à bois \n2- Couper une tranche de pain de maïs \n3- Napper de crème fraîche \n4- Ajouter les tranches de saumon en bande de 5 cm \n5- Ajouter l’aneth \n6- Napper d’huile d’olive \n7- Emietter le fromage râpé \n8- Passer au four 6 minutes'),
(14, '1- Préchauffer le four à bois \n2- Couper une tranche de pain aux céréales \n3- Napper de crème fraîche \n4- Emincer les pommes de terre précuites \n5- Ajouter les tranches de jambon sec en bandes de 5cm \n6- Disposer le reblochon sur le dessus \n7- Passer au four 6 minutes'),
(15, '1- Préchauffer le four à bois et la poêle \n2- Couper une tranche de pain complet \n3- Napper de sauce tomate \n4- Préparer le boeuf haché en ajoutant des épices Cajun \n5- Ciseler les oignons \n6- Faire revenir le boeuf et les oignons 5 minutes à la poêle dans un filé d’huile d’olive \n7- Degraisser le mélange et ajouter sur la tranche de pain \n8- Ajouter les épices \n9- Passer au four 6 minutes'),
(16, '1- Préchauffer le four à bois \n2- Couper une tranche de pain campagne \n3- Napper de sauce tomate \n4- Ajouter les tranches de jambon en bande de 5 cm \n5- Couper un champignon en fine lamelles et l’ajouter sur le pain \n6- Emietter le fromage râpé \n7- Passer au four 6 minutes'),
(51, '1- Préchauffer le four à bois \n2- Rincer les pommes de terre \n3- Couper les pommes de terre en quartier sans les éplucher \n4- Dans un saladier mélanger les quartiers avec de l’ail en semoule, paprika, sel et poivre et un peu d’eau \n5- Mettre dans un plat et cuire 40 minutes au four'),
(52, '1- Préchauffer la friteuse à 190° C \n2- Couper des morceaux de fromage de 2 cm de côté \n3- Battre les œufs dans un bol et verser la chapelure dans une assiette \n4- Tremper chaque morceau de fromage dans l oeuf, égoutter puis l enrober de chapelure \n5- Déposer les morceaux de fromage pané sur un plat recouvert de papier film et entreposer 30 min au congélateur \n6- Faire frire les morceaux de fromage pané pendant 1 à 2 min'),
(53, '1- Préchauffer la friteuse à 190° C \n2- Couper les anneaux d’oignon \n3- Battre les œufs dans un bol et verser la chapelure dans une assiette \n4- Tremper chaque anneau dans l oeuf, égoutter puis l enrober de chapelure \n5- Déposer les morceaux d’oignon pané sur un plat recouvert de papier film et entreposer 30 min au congélateur \n6- Faire frire les morceaux d’oignon pané pendant 1 à 2 min'),
(54, '1- Préchauffer la friteuse à 190° C \n2- Couper des morceaux de mozzarella de 5cm par 3 cm \n3- Battre les œufs dans un bol et verser la chapelure dans une assiette \n4- Tremper chaque morceau de mozzarella dans l oeuf, égoutter puis l enrober de chapelure \n5- Déposer les morceaux de mozzarella pané sur un plat recouvert de papier film et entreposer 30 min au congélateur \n6- Faire frire les morceaux de mozzarella pané pendant 1 à 2 min'),
(55, '1- Préchauffer la friteuse à 190° C \n2- Couper des morceaux de poulet \n3- Battre les œufs dans un bol et verser la chapelure dans une assiette \n4- Tremper chaque morceau de poulet dans l oeuf, égoutter puis l enrober de chapelure \n5- Déposer les morceaux de poulet pané sur un plat recouvert de papier film et entreposer 30 min au congélateur \n6- Faire frire les morceaux de poulet pané pendant 1 à 2 min');


INSERT INTO oc_pizza.utilisation_composant (
  recette_produit_id_recette_produit, composant_id_composant, quantite_preparation, unite_mesure
) VALUES
(1, 3, 1.00, 'pièce(s)'),
(1, 5, 200.00, 'gramme(s)'),
(1, 16, 2.00, 'pièce(s)'),
(1, 13, 8.00, 'pièce(s)'),
(1, 30, 5.00, 'gramme(s)'),
(1, 12, 2.00, 'pièce(s)'),
(1, 15, 100.00, 'gramme(s)'),
(1, 1, 1.00, 'pièce(s)'),
(2, 3, 1.00, 'pièce(s)'),
(2, 5, 200.00, 'gramme(s)'),
(2, 35, 50.00, 'gramme(s)'),
(2, 8, 2.00, 'tranche(s)'),
(2, 36, 20.00, 'gramme(s)'),
(2, 15, 100.00, 'gramme(s)'),
(2, 1, 1.00, 'pièce(s)'),
(3, 3, 1.00, 'pièce(s)'),
(3, 5, 150.00, 'gramme(s)'),
(3, 7, 2.00, 'tranche(s)'),
(3, 12, 1.00, 'pièce(s)'),
(3, 37, 50.00, 'gramme(s)'),
(3, 27, 1.00, 'pièce(s)'),
(3, 15, 100.00, 'gramme(s)'),
(3, 1, 1.00, 'pièce(s)'),
(4, 3, 1.00, 'pièce(s)'),
(4, 4, 150.00, 'gramme(s)'),
(4, 23, 2.00, 'pièce(s)'),
(4, 38, 50.00, 'gramme(s)'),
(4, 14, 1.00, 'pièce(s)'),
(4, 8, 2.00, 'tranche(s)'),
(4, 1, 1.00, 'pièce(s)'),
(5, 3, 1.00, 'pièce(s)'),
(5, 4, 150.00, 'gramme(s)'),
(5, 11, 40.00, 'gramme(s)'),
(5, 39, 5.00, 'gramme(s)'),
(5, 15, 100.00, 'gramme(s)'),
(5, 1, 1.00, 'pièce(s)'),
(6, 3, 1.00, 'pièce(s)'),
(6, 4, 150.00, 'gramme(s)'),
(6, 19, 120.00, 'gramme(s)'),
(6, 40, 60.00, 'gramme(s)'),
(6, 25, 50.00, 'gramme(s)'),
(6, 13, 8.00, 'pièce(s)'),
(6, 41, 4.00, 'centilitre(s)'),
(6, 1, 1.00, 'pièce(s)'),
(7, 3, 1.00, 'pièce(s)'),
(7, 4, 150.00, 'gramme(s)'),
(7, 22, 70.00, 'gramme(s)'),
(7, 12, 2.00, 'pièce(s)'),
(7, 25, 50.00, 'gramme(s)'),
(7, 15, 100.00, 'gramme(s)'),
(7, 1, 1.00, 'pièce(s)'),
(8, 3, 1.00, 'pièce(s)'),
(8, 60, 120.00, 'gramme(s)'),
(8, 59, 20.00, 'gramme(s)'),
(8, 56, 10.00, 'centilitre(s)'),
(8, 61, 2.00, 'pièce(s)'),
(8, 1, 1.00, 'pièce(s)'),
(9, 2, 1.00, 'pièce(s)'),
(9, 18, 60.00, 'gramme(s)'),
(9, 43, 100.00, 'gramme(s)'),
(9, 17, 10.00, 'pièce(s)'),
(9, 13, 6.00, 'pièce(s)'),
(9, 62, 40.00, 'gramme(s)'),
(10, 2, 1.00, 'pièce(s)'),
(10, 29, 60.00, 'gramme(s)'),
(10, 22, 80.00, 'gramme(s)'),
(10, 55, 5.00, 'centilitre(s)'),
(10, 37, 40.00, 'gramme(s)'),
(10, 17, 10.00, 'pièce(s)'),
(10, 44, 25.00, 'gramme(s)'),
(11, 2, 1.00, 'pièce(s)'),
(11, 18, 60.00, 'gramme(s)'),
(11, 17, 10.00, 'pièce(s)'),
(11, 65, 40.00, 'gramme(s)'),
(11, 45, 40.00, 'gramme(s)'),
(11, 14, 1.00, 'pièce(s)'),
(12, 2, 1.00, 'pièce(s)'),
(12, 18, 60.00, 'gramme(s)'),
(12, 17, 10.00, 'pièce(s)'),
(12, 12, 1.00, 'pièce(s)'),
(12, 44, 25.00, 'gramme(s)'),
(12, 36, 6.00, 'centilitre(s)'),
(13, 63, 1.00, 'tranche(s)'),
(13, 46, 1.00, 'tranche(s)'),
(13, 4, 30.00, 'gramme(s)'),
(13, 11, 2.00, 'tranche(s)'),
(13, 39, 5.00, 'gramme(s)'),
(13, 15, 30.00, 'gramme(s)'),
(14, 63, 1.00, 'pièce(s)'),
(14, 47, 1.00, 'tranche(s)'),
(14, 4, 30.00, 'gramme(s)'),
(14, 23, 2.00, 'pièce(s)'),
(14, 21, 30.00, 'gramme(s)'),
(14, 8, 1.00, 'tranche(s)'),
(15, 63, 1.00, 'pièce(s)'),
(15, 48, 1.00, 'tranche(s)'),
(15, 5, 40.00, 'gramme(s)'),
(15, 9, 35.00, 'gramme(s)'),
(15, 55, 10.00, 'centilitre(s)'),
(15, 50, 5.00, 'gramme(s)'),
(15, 14, 1.00, 'pièce(s)'),
(16, 63, 1.00, 'pièce(s)'),
(16, 49, 1.00, 'tranche(s)'),
(16, 5, 40.00, 'gramme(s)'),
(16, 7, 1.00, 'tranche(s)'),
(16, 24, 2.00, 'pièce(s)'),
(16, 15, 40.00, 'gramme(s)'),
(51, 64, 1.00, 'pièce(s)'),
(51, 23, 200.00, 'gramme(s)'),
(51, 31, 5.00, 'gramme(s)'),
(51, 32, 5.00, 'gramme(s)'),
(51, 33, 4.00, 'gramme(s)'),
(51, 34, 4.00, 'gramme(s)'),
(51, 58, 5.00, 'centilitre(s)'),
(52, 64, 1.00, 'pièce(s)'),
(52, 62, 100.00, 'gramme(s)'),
(52, 27, 2.00, 'pièce(s)'),
(52, 52, 80.00, 'gramme(s)'),
(53, 64, 1.00, 'pièce(s)'),
(53, 14, 2.00, 'pièce(s)'),
(53, 27, 2.00, 'pièce(s)'),
(53, 52, 80.00, 'gramme(s)'),
(54, 64, 1.00, 'pièce(s)'),
(54, 12, 2.00, 'pièce(s)'),
(54, 27, 2.00, 'pièce(s)'),
(54, 52, 80.00, 'gramme(s)'),
(55, 64, 1.00, 'pièce(s)'),
(55, 42, 100.00, 'gramme(s)'),
(55, 27, 2.00, 'pièce(s)'),
(55, 52, 80.00, 'gramme(s)');


INSERT INTO oc_pizza.stock (
  composant_id_composant, produit_id_produit, quantite, conditionnement, pizzeria_id_pizzeria
) VALUES
(1, NULL, 330.00, 'pièce(s)', 1),
(2, NULL, 267.00, 'pièce(s)', 1),
(3, NULL, 85.00, 'pièce(s)', 1),
(4, NULL, 4.00, 'pot(s)', 1),
(5, NULL, 4.00, 'pot(s)', 1),
(6, NULL, 3.00, 'boite(s)', 1),
(7, NULL, 46.00, 'pièce(s)', 1),
(8, NULL, 52.00, 'pièce(s)', 1),
(9, NULL, 2.00, 'boite(s)', 1),
(10, NULL, 5.00, 'pièce(s)', 1),
(11, NULL, 18.00, 'pièce(s)', 1),
(12, NULL, 42.00, 'pièce(s)', 1),
(13, NULL, 2.00, 'pot(s)', 1),
(14, NULL, 25.00, 'pièce(s)', 1),
(15, NULL, 3.00, 'sachet(s)', 1),
(16, NULL, 31.00, 'pièce(s)', 1),
(17, NULL, 64.00, 'pièce(s)', 1),
(18, NULL, 6.00, 'sachet(s)', 1),
(19, NULL, 2.00, 'sachet(s)', 1),
(20, NULL, 24.00, 'pièce(s)', 1),
(21, NULL, 4.00, 'pièce(s)', 1),
(22, NULL, 2.00, 'pièce(s)', 1),
(23, NULL, 50.00, 'pièce(s)', 1),
(24, NULL, 20.00, 'pièce(s)', 1),
(25, NULL, 6.00, 'pièce(s)', 1),
(26, NULL, 2.00, 'pièce(s)', 1),
(27, NULL, 26.00, 'pièce(s)', 1),
(28, NULL, 5.00, 'sachet(s)', 1),
(29, NULL, 6.00, 'sachet(s)', 1),
(30, NULL, 10.00, 'pot(s)', 1),
(31, NULL, 10.00, 'pot(s)', 1),
(32, NULL, 10.00, 'pot(s)', 1),
(33, NULL, 10.00, 'pot(s)', 1),
(34, NULL, 10.00, 'pot(s)', 1),
(35, NULL, 6.00, 'sachet(s)', 1),
(36, NULL, 10.00, 'pot(s)', 1),
(37, NULL, 4.00, 'pièce(s)', 1),
(38, NULL, 3.00, 'pièce(s)', 1),
(39, NULL, 10.00, 'pot(s)', 1),
(40, NULL, 8.00, 'pièce(s)', 1),
(41, NULL, 10.00, 'pot(s)', 1),
(42, NULL, 3.00, 'pièce(s)', 1),
(43, NULL, 12.00, 'boite(s)', 1),
(44, NULL, 10.00, 'sachet(s)', 1),
(45, NULL, 12.00, 'pièce(s)', 1),
(46, NULL, 4.00, 'pièce(s)', 1),
(47, NULL, 3.00, 'pièce(s)', 1),
(48, NULL, 4.00, 'pièce(s)', 1),
(49, NULL, 3.00, 'pièce(s)', 1),
(50, NULL, 10.00, 'pot(s)', 1),
(51, NULL, 3.00, 'pièce(s)', 1),
(52, NULL, 10.00, 'sachet(s)', 1),
(53, NULL, 10.00, 'pièce(s)', 1),
(54, NULL, 12.00, 'pièce(s)', 1),
(55, NULL, 10.00, 'bouteille(s)', 1),
(56, NULL, 10.00, 'bouteille(s)', 1),
(57, NULL, 5.00, 'bouteille(s)', 1),
(58, NULL, 5.00, 'bouteille(s)', 1),
(59, NULL, 3.00, 'sachet(s)', 1),
(60, NULL, 6.00, 'pot(s)', 1),
(61, NULL, 25.00, 'pièce(s)', 1),
(62, NULL, 5.00, 'pièce(s)', 1),
(63, NULL, 230.00, 'pièce(s)', 1),
(64, NULL, 230.00, 'pièce(s)', 1),
(65, NULL, 6.00, 'pièce(s)', 1),
(66, NULL, 3.00, 'sachet(s)', 1),
(67, NULL, 10.00, 'pot(s)', 1),
(NULL, 17, 30.00, 'pièce(s)', 1),
(NULL, 18, 30.00, 'pièce(s)', 1),
(NULL, 19, 30.00, 'pièce(s)', 1),
(NULL, 20, 30.00, 'pièce(s)', 1),
(NULL, 21, 30.00, 'pièce(s)', 1),
(NULL, 22, 30.00, 'pièce(s)', 1),
(NULL, 23, 30.00, 'pièce(s)', 1),
(NULL, 24, 12.00, 'pièce(s)', 1),
(NULL, 25, 12.00, 'pièce(s)', 1),
(NULL, 26, 16.00, 'pièce(s)', 1),
(NULL, 27, 16.00, 'pièce(s)', 1),
(NULL, 28, 100.00, 'bouteille(s)', 1),
(NULL, 29, 50.00, 'bouteille(s)', 1),
(NULL, 30, 50.00, 'bouteille(s)', 1),
(NULL, 31, 40.00, 'canette(s)', 1),
(NULL, 32, 40.00, 'canette(s)', 1),
(NULL, 33, 40.00, 'canette(s)', 1),
(NULL, 34, 40.00, 'canette(s)', 1),
(NULL, 35, 40.00, 'canette(s)', 1),
(NULL, 36, 40.00, 'canette(s)', 1),
(NULL, 37, 40.00, 'canette(s)', 1),
(NULL, 38, 30.00, 'bouteille(s)', 1),
(NULL, 39, 40.00, 'canette(s)', 1),
(NULL, 40, 40.00, 'canette(s)', 1),
(NULL, 41, 40.00, 'canette(s)', 1),
(NULL, 42, 150.00, 'sachet(s)', 1),
(NULL, 43, 150.00, 'sachet(s)', 1),
(NULL, 44, 150.00, 'sachet(s)', 1),
(NULL, 45, 150.00, 'sachet(s)', 1),
(NULL, 46, 150.00, 'sachet(s)', 1),
(NULL, 47, 150.00, 'sachet(s)', 1),
(NULL, 48, 150.00, 'sachet(s)', 1),
(NULL, 49, 150.00, 'sachet(s)', 1),
(NULL, 50, 150.00, 'sachet(s)', 1),
(NULL, 51, 9.00, 'pièce(s)', 1),
(NULL, 52, 14.00, 'pièce(s)', 1),
(NULL, 53, 8.00, 'pièce(s)', 1),
(NULL, 54, 8.00, 'pièce(s)', 1),
(NULL, 55, 15.00, 'pièce(s)', 1),
(1, NULL, 254.00, 'pièce(s)', 2),
(2, NULL, 154.00, 'pièce(s)', 2),
(3, NULL, 62.00, 'pièce(s)', 2),
(4, NULL, 1.00, 'pot(s)', 2),
(5, NULL, 3.00, 'pot(s)', 2),
(6, NULL, 2.00, 'boite(s)', 2),
(7, NULL, 34.00, 'pièce(s)', 2),
(8, NULL, 16.00, 'pièce(s)', 2),
(9, NULL, 3.00, 'boite(s)', 2),
(10, NULL, 4.00, 'pièce(s)', 2),
(11, NULL, 17.00, 'pièce(s)', 2),
(12, NULL, 21.00, 'pièce(s)', 2),
(13, NULL, 2.00, 'pot(s)', 2),
(14, NULL, 14.00, 'pièce(s)', 2),
(15, NULL, 2.00, 'sachet(s)', 2),
(16, NULL, 23.00, 'pièce(s)', 2),
(17, NULL, 36.00, 'pièce(s)', 2),
(18, NULL, 5.00, 'sachet(s)', 2),
(19, NULL, 3.00, 'sachet(s)', 2),
(20, NULL, 26.00, 'pièce(s)', 2),
(21, NULL, 3.00, 'pièce(s)', 2),
(22, NULL, 2.00, 'pièce(s)', 2),
(23, NULL, 53.00, 'pièce(s)', 2),
(24, NULL, 8.00, 'pièce(s)', 2),
(25, NULL, 1.00, 'pièce(s)', 2),
(26, NULL, 0.00, 'pièce(s)', 2),
(27, NULL, 18.00, 'pièce(s)', 2),
(28, NULL, 4.00, 'sachet(s)', 2),
(29, NULL, 2.00, 'sachet(s)', 2),
(30, NULL, 10.00, 'pot(s)', 2),
(31, NULL, 10.00, 'pot(s)', 2),
(32, NULL, 0.00, 'pot(s)', 2),
(33, NULL, 10.00, 'pot(s)', 2),
(34, NULL, 10.00, 'pot(s)', 2),
(35, NULL, 3.00, 'sachet(s)', 2),
(36, NULL, 10.00, 'pot(s)', 2),
(37, NULL, 4.00, 'pièce(s)', 2),
(38, NULL, 2.00, 'pièce(s)', 2),
(39, NULL, 10.00, 'pot(s)', 2),
(40, NULL, 8.00, 'pièce(s)', 2),
(41, NULL, 10.00, 'pot(s)', 2),
(42, NULL, 2.00, 'pièce(s)', 2),
(43, NULL, 10.00, 'boite(s)', 2),
(44, NULL, 10.00, 'sachet(s)', 2),
(45, NULL, 12.00, 'pièce(s)', 2),
(46, NULL, 1.00, 'pièce(s)', 2),
(47, NULL, 2.00, 'pièce(s)', 2),
(48, NULL, 1.00, 'pièce(s)', 2),
(49, NULL, 4.00, 'pièce(s)', 2),
(50, NULL, 10.00, 'pot(s)', 2),
(51, NULL, 3.00, 'pièce(s)', 2),
(52, NULL, 10.00, 'sachet(s)', 2),
(53, NULL, 10.00, 'pièce(s)', 2),
(54, NULL, 5.00, 'pièce(s)', 2),
(55, NULL, 10.00, 'bouteille(s)', 2),
(56, NULL, 10.00, 'bouteille(s)', 2),
(57, NULL, 5.00, 'bouteille(s)', 2),
(58, NULL, 5.00, 'bouteille(s)', 2),
(59, NULL, 3.00, 'sachet(s)', 2),
(60, NULL, 6.00, 'pot(s)', 2),
(61, NULL, 6.00, 'pièce(s)', 2),
(62, NULL, 4.00, 'pièce(s)', 2),
(63, NULL, 230.00, 'pièce(s)', 2),
(64, NULL, 230.00, 'pièce(s)', 2),
(65, NULL, 4.00, 'pièce(s)', 2),
(66, NULL, 3.00, 'sachet(s)', 2),
(67, NULL, 10.00, 'pot(s)', 2),
(NULL, 17, 30.00, 'pièce(s)', 2),
(NULL, 18, 30.00, 'pièce(s)', 2),
(NULL, 19, 30.00, 'pièce(s)', 2),
(NULL, 20, 30.00, 'pièce(s)', 2),
(NULL, 21, 30.00, 'pièce(s)', 2),
(NULL, 22, 30.00, 'pièce(s)', 2),
(NULL, 23, 30.00, 'pièce(s)', 2),
(NULL, 24, 12.00, 'pièce(s)', 2),
(NULL, 25, 12.00, 'pièce(s)', 2),
(NULL, 26, 16.00, 'pièce(s)', 2),
(NULL, 27, 16.00, 'pièce(s)', 2),
(NULL, 28, 100.00, 'bouteille(s)', 2),
(NULL, 29, 50.00, 'bouteille(s)', 2),
(NULL, 30, 50.00, 'bouteille(s)', 2),
(NULL, 31, 40.00, 'canette(s)', 2),
(NULL, 32, 40.00, 'canette(s)', 2),
(NULL, 33, 40.00, 'canette(s)', 2),
(NULL, 34, 40.00, 'canette(s)', 2),
(NULL, 35, 40.00, 'canette(s)', 2),
(NULL, 36, 40.00, 'canette(s)', 2),
(NULL, 37, 40.00, 'canette(s)', 2),
(NULL, 38, 30.00, 'bouteille(s)', 2),
(NULL, 39, 40.00, 'canette(s)', 2),
(NULL, 40, 40.00, 'canette(s)', 2),
(NULL, 41, 40.00, 'canette(s)', 2),
(NULL, 42, 150.00, 'sachet(s)', 2),
(NULL, 43, 150.00, 'sachet(s)', 2),
(NULL, 44, 150.00, 'sachet(s)', 2),
(NULL, 45, 150.00, 'sachet(s)', 2),
(NULL, 46, 150.00, 'sachet(s)', 2),
(NULL, 47, 150.00, 'sachet(s)', 2),
(NULL, 48, 150.00, 'sachet(s)', 2),
(NULL, 49, 150.00, 'sachet(s)', 2),
(NULL, 50, 150.00, 'sachet(s)', 2),
(NULL, 51, 0.00, 'pièce(s)', 2),
(NULL, 52, 7.00, 'pièce(s)', 2),
(NULL, 53, 3.00, 'pièce(s)', 2),
(NULL, 54, 9.00, 'pièce(s)', 2),
(NULL, 55, 3.00, 'pièce(s)', 2),
(1, NULL, 300.00, 'pièce(s)', 3),
(2, NULL, 256.00, 'pièce(s)', 3),
(3, NULL, 73.00, 'pièce(s)', 3),
(4, NULL, 4.00, 'pot(s)', 3),
(5, NULL, 5.00, 'pot(s)', 3),
(6, NULL, 3.00, 'boite(s)', 3),
(7, NULL, 24.00, 'pièce(s)', 3),
(8, NULL, 15.00, 'pièce(s)', 3),
(9, NULL, 3.00, 'boite(s)', 3),
(10, NULL, 3.00, 'pièce(s)', 3),
(11, NULL, 13.00, 'pièce(s)', 3),
(12, NULL, 29.00, 'pièce(s)', 3),
(13, NULL, 2.00, 'pot(s)', 3),
(14, NULL, 25.00, 'pièce(s)', 3),
(15, NULL, 2.00, 'sachet(s)', 3),
(16, NULL, 20.00, 'pièce(s)', 3),
(17, NULL, 60.00, 'pièce(s)', 3),
(18, NULL, 6.00, 'sachet(s)', 3),
(19, NULL, 2.00, 'sachet(s)', 3),
(20, NULL, 17.00, 'pièce(s)', 3),
(21, NULL, 3.00, 'pièce(s)', 3),
(22, NULL, 3.00, 'pièce(s)', 3),
(23, NULL, 50.00, 'pièce(s)', 3),
(24, NULL, 23.00, 'pièce(s)', 3),
(25, NULL, 6.00, 'pièce(s)', 3),
(26, NULL, 2.00, 'pièce(s)', 3),
(27, NULL, 18.00, 'pièce(s)', 3),
(28, NULL, 6.00, 'sachet(s)', 3),
(29, NULL, 5.00, 'sachet(s)', 3),
(30, NULL, 10.00, 'pot(s)', 3),
(31, NULL, 10.00, 'pot(s)', 3),
(32, NULL, 10.00, 'pot(s)', 3),
(33, NULL, 10.00, 'pot(s)', 3),
(34, NULL, 10.00, 'pot(s)', 3),
(35, NULL, 3.00, 'sachet(s)', 3),
(36, NULL, 10.00, 'pot(s)', 3),
(37, NULL, 2.00, 'pièce(s)', 3),
(38, NULL, 3.00, 'pièce(s)', 3),
(39, NULL, 10.00, 'pot(s)', 3),
(40, NULL, 8.00, 'pièce(s)', 3),
(41, NULL, 10.00, 'pot(s)', 3),
(42, NULL, 2.00, 'pièce(s)', 3),
(43, NULL, 9.00, 'boite(s)', 3),
(44, NULL, 10.00, 'sachet(s)', 3),
(45, NULL, 12.00, 'pièce(s)', 3),
(46, NULL, 2.00, 'pièce(s)', 3),
(47, NULL, 2.00, 'pièce(s)', 3),
(48, NULL, 2.00, 'pièce(s)', 3),
(49, NULL, 2.00, 'pièce(s)', 3),
(50, NULL, 10.00, 'pot(s)', 3),
(51, NULL, 3.00, 'pièce(s)', 3),
(52, NULL, 10.00, 'sachet(s)', 3),
(53, NULL, 10.00, 'pièce(s)', 3),
(54, NULL, 6.00, 'pièce(s)', 3),
(55, NULL, 10.00, 'bouteille(s)', 3),
(56, NULL, 10.00, 'bouteille(s)', 3),
(57, NULL, 5.00, 'bouteille(s)', 3),
(58, NULL, 5.00, 'bouteille(s)', 3),
(59, NULL, 3.00, 'sachet(s)', 3),
(60, NULL, 6.00, 'pot(s)', 3),
(61, NULL, 10.00, 'pièce(s)', 3),
(62, NULL, 4.00, 'pièce(s)', 3),
(63, NULL, 230.00, 'pièce(s)', 3),
(64, NULL, 230.00, 'pièce(s)', 3),
(65, NULL, 4.00, 'pièce(s)', 3),
(66, NULL, 3.00, 'sachet(s)', 3),
(67, NULL, 10.00, 'pot(s)', 3),
(NULL, 17, 30.00, 'pièce(s)', 3),
(NULL, 18, 30.00, 'pièce(s)', 3),
(NULL, 19, 30.00, 'pièce(s)', 3),
(NULL, 20, 30.00, 'pièce(s)', 3),
(NULL, 21, 30.00, 'pièce(s)', 3),
(NULL, 22, 30.00, 'pièce(s)', 3),
(NULL, 23, 30.00, 'pièce(s)', 3),
(NULL, 24, 12.00, 'pièce(s)', 3),
(NULL, 25, 12.00, 'pièce(s)', 3),
(NULL, 26, 16.00, 'pièce(s)', 3),
(NULL, 27, 16.00, 'pièce(s)', 3),
(NULL, 28, 100.00, 'bouteille(s)', 3),
(NULL, 29, 50.00, 'bouteille(s)', 3),
(NULL, 30, 50.00, 'bouteille(s)', 3),
(NULL, 31, 40.00, 'canette(s)', 3),
(NULL, 32, 40.00, 'canette(s)', 3),
(NULL, 33, 40.00, 'canette(s)', 3),
(NULL, 34, 40.00, 'canette(s)', 3),
(NULL, 35, 40.00, 'canette(s)', 3),
(NULL, 36, 40.00, 'canette(s)', 3),
(NULL, 37, 40.00, 'canette(s)', 3),
(NULL, 38, 30.00, 'bouteille(s)', 3),
(NULL, 39, 40.00, 'canette(s)', 3),
(NULL, 40, 40.00, 'canette(s)', 3),
(NULL, 41, 40.00, 'canette(s)', 3),
(NULL, 42, 150.00, 'sachet(s)', 3),
(NULL, 43, 150.00, 'sachet(s)', 3),
(NULL, 44, 150.00, 'sachet(s)', 3),
(NULL, 45, 150.00, 'sachet(s)', 3),
(NULL, 46, 150.00, 'sachet(s)', 3),
(NULL, 47, 150.00, 'sachet(s)', 3),
(NULL, 48, 150.00, 'sachet(s)', 3),
(NULL, 49, 150.00, 'sachet(s)', 3),
(NULL, 50, 150.00, 'sachet(s)', 3),
(NULL, 51, 10.00, 'pièce(s)', 3),
(NULL, 52, 14.00, 'pièce(s)', 3),
(NULL, 53, 8.00, 'pièce(s)', 3),
(NULL, 54, 7.00, 'pièce(s)', 3),
(NULL, 55, 8.00, 'pièce(s)', 3),
(1, NULL, 220.00, 'pièce(s)', 4),
(2, NULL, 220.00, 'pièce(s)', 4),
(3, NULL, 40.00, 'pièce(s)', 4),
(4, NULL, 4.00, 'pot(s)', 4),
(5, NULL, 4.00, 'pot(s)', 4),
(6, NULL, 3.00, 'boite(s)', 4),
(7, NULL, 18.00, 'pièce(s)', 4),
(8, NULL, 19.00, 'pièce(s)', 4),
(9, NULL, 1.00, 'boite(s)', 4),
(10, NULL, 3.00, 'pièce(s)', 4),
(11, NULL, 10.00, 'pièce(s)', 4),
(12, NULL, 24.00, 'pièce(s)', 4),
(13, NULL, 2.00, 'pot(s)', 4),
(14, NULL, 29.00, 'pièce(s)', 4),
(15, NULL, 3.00, 'sachet(s)', 4),
(16, NULL, 15.00, 'pièce(s)', 4),
(17, NULL, 51.00, 'pièce(s)', 4),
(18, NULL, 5.00, 'sachet(s)', 4),
(19, NULL, 2.00, 'sachet(s)', 4),
(20, NULL, 24.00, 'pièce(s)', 4),
(21, NULL, 4.00, 'pièce(s)', 4),
(22, NULL, 1.00, 'pièce(s)', 4),
(23, NULL, 35.00, 'pièce(s)', 4),
(24, NULL, 14.00, 'pièce(s)', 4),
(25, NULL, 4.00, 'pièce(s)', 4),
(26, NULL, 2.00, 'pièce(s)', 4),
(27, NULL, 23.00, 'pièce(s)', 4),
(28, NULL, 4.00, 'sachet(s)', 4),
(29, NULL, 6.00, 'sachet(s)', 4),
(30, NULL, 8.00, 'pot(s)', 4),
(31, NULL, 9.00, 'pot(s)', 4),
(32, NULL, 8.00, 'pot(s)', 4),
(33, NULL, 6.00, 'pot(s)', 4),
(34, NULL, 7.00, 'pot(s)', 4),
(35, NULL, 4.00, 'sachet(s)', 4),
(36, NULL, 10.00, 'pot(s)', 4),
(37, NULL, 4.00, 'pièce(s)', 4),
(38, NULL, 2.00, 'pièce(s)', 4),
(39, NULL, 10.00, 'pot(s)', 4),
(40, NULL, 8.00, 'pièce(s)', 4),
(41, NULL, 10.00, 'pot(s)', 4),
(42, NULL, 2.00, 'pièce(s)', 4),
(43, NULL, 10.00, 'boite(s)', 4),
(44, NULL, 10.00, 'sachet(s)', 4),
(45, NULL, 12.00, 'pièce(s)', 4),
(46, NULL, 4.00, 'pièce(s)', 4),
(47, NULL, 3.00, 'pièce(s)', 4),
(48, NULL, 2.00, 'pièce(s)', 4),
(49, NULL, 4.00, 'pièce(s)', 4),
(50, NULL, 10.00, 'pot(s)', 4),
(51, NULL, 3.00, 'pièce(s)', 4),
(52, NULL, 10.00, 'sachet(s)', 4),
(53, NULL, 10.00, 'pièce(s)', 4),
(54, NULL, 6.00, 'pièce(s)', 4),
(55, NULL, 10.00, 'bouteille(s)', 4),
(56, NULL, 10.00, 'bouteille(s)', 4),
(57, NULL, 5.00, 'bouteille(s)', 4),
(58, NULL, 5.00, 'bouteille(s)', 4),
(59, NULL, 3.00, 'sachet(s)', 4),
(60, NULL, 6.00, 'pot(s)', 4),
(61, NULL, 10.00, 'pièce(s)', 4),
(62, NULL, 4.00, 'pièce(s)', 4),
(63, NULL, 230.00, 'pièce(s)', 4),
(64, NULL, 230.00, 'pièce(s)', 4),
(65, NULL, 4.00, 'pièce(s)', 4),
(66, NULL, 3.00, 'sachet(s)', 4),
(67, NULL, 10.00, 'pot(s)', 4),
(NULL, 17, 30.00, 'pièce(s)', 4),
(NULL, 18, 30.00, 'pièce(s)', 4),
(NULL, 19, 30.00, 'pièce(s)', 4),
(NULL, 20, 30.00, 'pièce(s)', 4),
(NULL, 21, 30.00, 'pièce(s)', 4),
(NULL, 22, 30.00, 'pièce(s)', 4),
(NULL, 23, 30.00, 'pièce(s)', 4),
(NULL, 24, 12.00, 'pièce(s)', 4),
(NULL, 25, 12.00, 'pièce(s)', 4),
(NULL, 26, 16.00, 'pièce(s)', 4),
(NULL, 27, 16.00, 'pièce(s)', 4),
(NULL, 28, 100.00, 'bouteille(s)', 4),
(NULL, 29, 50.00, 'bouteille(s)', 4),
(NULL, 30, 50.00, 'bouteille(s)', 4),
(NULL, 31, 40.00, 'canette(s)', 4),
(NULL, 32, 40.00, 'canette(s)', 4),
(NULL, 33, 40.00, 'canette(s)', 4),
(NULL, 34, 40.00, 'canette(s)', 4),
(NULL, 35, 40.00, 'canette(s)', 4),
(NULL, 36, 40.00, 'canette(s)', 4),
(NULL, 37, 40.00, 'canette(s)', 4),
(NULL, 38, 30.00, 'bouteille(s)', 4),
(NULL, 39, 40.00, 'canette(s)', 4),
(NULL, 40, 40.00, 'canette(s)', 4),
(NULL, 41, 40.00, 'canette(s)', 4),
(NULL, 42, 150.00, 'sachet(s)', 4),
(NULL, 43, 150.00, 'sachet(s)', 4),
(NULL, 44, 150.00, 'sachet(s)', 4),
(NULL, 45, 150.00, 'sachet(s)', 4),
(NULL, 46, 150.00, 'sachet(s)', 4),
(NULL, 47, 150.00, 'sachet(s)', 4),
(NULL, 48, 150.00, 'sachet(s)', 4),
(NULL, 49, 150.00, 'sachet(s)', 4),
(NULL, 50, 150.00, 'sachet(s)', 4),
(NULL, 51, 8.00, 'pièce(s)', 4),
(NULL, 52, 9.00, 'pièce(s)', 4),
(NULL, 53, 7.00, 'pièce(s)', 4),
(NULL, 54, 7.00, 'pièce(s)', 4),
(NULL, 55, 8.00, 'pièce(s)', 4),
(1, NULL, 230.00, 'pièce(s)', 5),
(2, NULL, 230.00, 'pièce(s)', 5),
(3, NULL, 50.00, 'pièce(s)', 5),
(4, NULL, 3.00, 'pot(s)', 5),
(5, NULL, 3.00, 'pot(s)', 5),
(6, NULL, 2.00, 'boite(s)', 5),
(7, NULL, 20.00, 'pièce(s)', 5),
(8, NULL, 20.00, 'pièce(s)', 5),
(9, NULL, 2.00, 'boite(s)', 5),
(10, NULL, 4.00, 'pièce(s)', 5),
(11, NULL, 20.00, 'pièce(s)', 5),
(12, NULL, 30.00, 'pièce(s)', 5),
(13, NULL, 2.00, 'pot(s)', 5),
(14, NULL, 25.00, 'pièce(s)', 5),
(15, NULL, 2.00, 'sachet(s)', 5),
(16, NULL, 20.00, 'pièce(s)', 5),
(17, NULL, 60.00, 'pièce(s)', 5),
(18, NULL, 6.00, 'sachet(s)', 5),
(19, NULL, 2.00, 'sachet(s)', 5),
(20, NULL, 20.00, 'pièce(s)', 5),
(21, NULL, 3.00, 'pièce(s)', 5),
(22, NULL, 2.00, 'pièce(s)', 5),
(23, NULL, 50.00, 'pièce(s)', 5),
(24, NULL, 20.00, 'pièce(s)', 5),
(25, NULL, 6.00, 'pièce(s)', 5),
(26, NULL, 2.00, 'pièce(s)', 5),
(27, NULL, 18.00, 'pièce(s)', 5),
(28, NULL, 4.00, 'sachet(s)', 5),
(29, NULL, 6.00, 'sachet(s)', 5),
(30, NULL, 10.00, 'pot(s)', 5),
(31, NULL, 10.00, 'pot(s)', 5),
(32, NULL, 10.00, 'pot(s)', 5),
(33, NULL, 10.00, 'pot(s)', 5),
(34, NULL, 10.00, 'pot(s)', 5),
(35, NULL, 3.00, 'sachet(s)', 5),
(36, NULL, 10.00, 'pot(s)', 5),
(37, NULL, 4.00, 'pièce(s)', 5),
(38, NULL, 2.00, 'pièce(s)', 5),
(39, NULL, 10.00, 'pot(s)', 5),
(40, NULL, 8.00, 'pièce(s)', 5),
(41, NULL, 10.00, 'pot(s)', 5),
(42, NULL, 2.00, 'pièce(s)', 5),
(43, NULL, 10.00, 'boite(s)', 5),
(44, NULL, 10.00, 'sachet(s)', 5),
(45, NULL, 12.00, 'pièce(s)', 5),
(46, NULL, 2.00, 'pièce(s)', 5),
(47, NULL, 2.00, 'pièce(s)', 5),
(48, NULL, 2.00, 'pièce(s)', 5),
(49, NULL, 2.00, 'pièce(s)', 5),
(50, NULL, 10.00, 'pot(s)', 5),
(51, NULL, 3.00, 'pièce(s)', 5),
(52, NULL, 10.00, 'sachet(s)', 5),
(53, NULL, 10.00, 'pièce(s)', 5),
(54, NULL, 6.00, 'pièce(s)', 5),
(55, NULL, 10.00, 'bouteille(s)', 5),
(56, NULL, 10.00, 'bouteille(s)', 5),
(57, NULL, 5.00, 'bouteille(s)', 5),
(58, NULL, 5.00, 'bouteille(s)', 5),
(59, NULL, 3.00, 'sachet(s)', 5),
(60, NULL, 6.00, 'pot(s)', 5),
(61, NULL, 10.00, 'pièce(s)', 5),
(62, NULL, 4.00, 'pièce(s)', 5),
(63, NULL, 230.00, 'pièce(s)', 5),
(64, NULL, 230.00, 'pièce(s)', 5),
(65, NULL, 4.00, 'pièce(s)', 5),
(66, NULL, 3.00, 'sachet(s)', 5),
(67, NULL, 10.00, 'pot(s)', 5),
(NULL, 17, 30.00, 'pièce(s)', 5),
(NULL, 18, 30.00, 'pièce(s)', 5),
(NULL, 19, 30.00, 'pièce(s)', 5),
(NULL, 20, 30.00, 'pièce(s)', 5),
(NULL, 21, 30.00, 'pièce(s)', 5),
(NULL, 22, 30.00, 'pièce(s)', 5),
(NULL, 23, 30.00, 'pièce(s)', 5),
(NULL, 24, 12.00, 'pièce(s)', 5),
(NULL, 25, 12.00, 'pièce(s)', 5),
(NULL, 26, 16.00, 'pièce(s)', 5),
(NULL, 27, 16.00, 'pièce(s)', 5),
(NULL, 28, 100.00, 'bouteille(s)', 5),
(NULL, 29, 50.00, 'bouteille(s)', 5),
(NULL, 30, 50.00, 'bouteille(s)', 5),
(NULL, 31, 40.00, 'canette(s)', 5),
(NULL, 32, 40.00, 'canette(s)', 5),
(NULL, 33, 40.00, 'canette(s)', 5),
(NULL, 34, 40.00, 'canette(s)', 5),
(NULL, 35, 40.00, 'canette(s)', 5),
(NULL, 36, 40.00, 'canette(s)', 5),
(NULL, 37, 40.00, 'canette(s)', 5),
(NULL, 38, 30.00, 'bouteille(s)', 5),
(NULL, 39, 40.00, 'canette(s)', 5),
(NULL, 40, 40.00, 'canette(s)', 5),
(NULL, 41, 40.00, 'canette(s)', 5),
(NULL, 42, 150.00, 'sachet(s)', 5),
(NULL, 43, 150.00, 'sachet(s)', 5),
(NULL, 44, 150.00, 'sachet(s)', 5),
(NULL, 45, 150.00, 'sachet(s)', 5),
(NULL, 46, 150.00, 'sachet(s)', 5),
(NULL, 47, 150.00, 'sachet(s)', 5),
(NULL, 48, 150.00, 'sachet(s)', 5),
(NULL, 49, 150.00, 'sachet(s)', 5),
(NULL, 50, 150.00, 'sachet(s)', 5),
(NULL, 51, 6.00, 'pièce(s)', 5),
(NULL, 52, 10.00, 'pièce(s)', 5),
(NULL, 53, 6.00, 'pièce(s)', 5),
(NULL, 54, 5.00, 'pièce(s)', 5),
(NULL, 55, 6.00, 'pièce(s)', 5),
(1, NULL, 0.00, 'pièce(s)', 6),
(2, NULL, 0.00, 'pièce(s)', 6),
(3, NULL, 0.00, 'pièce(s)', 6),
(4, NULL, 0.00, 'pot(s)', 6),
(5, NULL, 0.00, 'pot(s)', 6),
(6, NULL, 0.00, 'boite(s)', 6),
(7, NULL, 0.00, 'pièce(s)', 6),
(8, NULL, 0.00, 'pièce(s)', 6),
(9, NULL, 0.00, 'boite(s)', 6),
(10, NULL, 0.00, 'pièce(s)', 6),
(11, NULL, 0.00, 'pièce(s)', 6),
(12, NULL, 0.00, 'pièce(s)', 6),
(13, NULL, 0.00, 'pot(s)', 6),
(14, NULL, 0.00, 'pièce(s)', 6),
(15, NULL, 0.00, 'sachet(s)', 6),
(16, NULL, 0.00, 'pièce(s)', 6),
(17, NULL, 0.00, 'pièce(s)', 6),
(18, NULL, 0.00, 'sachet(s)', 6),
(19, NULL, 0.00, 'sachet(s)', 6),
(20, NULL, 0.00, 'pièce(s)', 6),
(21, NULL, 0.00, 'pièce(s)', 6),
(22, NULL, 0.00, 'pièce(s)', 6),
(23, NULL, 0.00, 'pièce(s)', 6),
(24, NULL, 0.00, 'pièce(s)', 6),
(25, NULL, 0.00, 'pièce(s)', 6),
(26, NULL, 0.00, 'pièce(s)', 6),
(27, NULL, 0.00, 'pièce(s)', 6),
(28, NULL, 0.00, 'sachet(s)', 6),
(29, NULL, 0.00, 'sachet(s)', 6),
(30, NULL, 0.00, 'pot(s)', 6),
(31, NULL, 0.00, 'pot(s)', 6),
(32, NULL, 0.00, 'pot(s)', 6),
(33, NULL, 0.00, 'pot(s)', 6),
(34, NULL, 0.00, 'pot(s)', 6),
(35, NULL, 0.00, 'sachet(s)', 6),
(36, NULL, 0.00, 'pot(s)', 6),
(37, NULL, 0.00, 'pièce(s)', 6),
(38, NULL, 0.00, 'pièce(s)', 6),
(39, NULL, 0.00, 'pot(s)', 6),
(40, NULL, 0.00, 'pièce(s)', 6),
(41, NULL, 0.00, 'pot(s)', 6),
(42, NULL, 0.00, 'pièce(s)', 6),
(43, NULL, 0.00, 'boite(s)', 6),
(44, NULL, 0.00, 'sachet(s)', 6),
(45, NULL, 0.00, 'pièce(s)', 6),
(46, NULL, 0.00, 'pièce(s)', 6),
(47, NULL, 0.00, 'pièce(s)', 6),
(48, NULL, 0.00, 'pièce(s)', 6),
(49, NULL, 0.00, 'pièce(s)', 6),
(50, NULL, 0.00, 'pot(s)', 6),
(51, NULL, 0.00, 'pièce(s)', 6),
(52, NULL, 0.00, 'sachet(s)', 6),
(53, NULL, 0.00, 'pièce(s)', 6),
(54, NULL, 0.00, 'pièce(s)', 6),
(55, NULL, 0.00, 'bouteille(s)', 6),
(56, NULL, 0.00, 'bouteille(s)', 6),
(57, NULL, 0.00, 'bouteille(s)', 6),
(58, NULL, 0.00, 'bouteille(s)', 6),
(59, NULL, 0.00, 'sachet(s)', 6),
(60, NULL, 0.00, 'pot(s)', 6),
(61, NULL, 0.00, 'pièce(s)', 6),
(62, NULL, 0.00, 'pièce(s)', 6),
(63, NULL, 0.00, 'pièce(s)', 6),
(64, NULL, 0.00, 'pièce(s)', 6),
(65, NULL, 0.00, 'pièce(s)', 6),
(66, NULL, 0.00, 'sachet(s)', 6),
(67, NULL, 0.00, 'pot(s)', 6),
(NULL, 17, 0.00, 'pièce(s)', 6),
(NULL, 18, 0.00, 'pièce(s)', 6),
(NULL, 19, 0.00, 'pièce(s)', 6),
(NULL, 20, 0.00, 'pièce(s)', 6),
(NULL, 21, 0.00, 'pièce(s)', 6),
(NULL, 22, 0.00, 'pièce(s)', 6),
(NULL, 23, 0.00, 'pièce(s)', 6),
(NULL, 24, 0.00, 'pièce(s)', 6),
(NULL, 25, 0.00, 'pièce(s)', 6),
(NULL, 26, 0.00, 'pièce(s)', 6),
(NULL, 27, 0.00, 'pièce(s)', 6),
(NULL, 28, 0.00, 'bouteille(s)', 6),
(NULL, 29, 0.00, 'bouteille(s)', 6),
(NULL, 30, 0.00, 'bouteille(s)', 6),
(NULL, 31, 0.00, 'canette(s)', 6),
(NULL, 32, 0.00, 'canette(s)', 6),
(NULL, 33, 0.00, 'canette(s)', 6),
(NULL, 34, 0.00, 'canette(s)', 6),
(NULL, 35, 0.00, 'canette(s)', 6),
(NULL, 36, 0.00, 'canette(s)', 6),
(NULL, 37, 0.00, 'canette(s)', 6),
(NULL, 38, 0.00, 'bouteille(s)', 6),
(NULL, 39, 0.00, 'canette(s)', 6),
(NULL, 40, 0.00, 'canette(s)', 6),
(NULL, 41, 0.00, 'canette(s)', 6),
(NULL, 42, 0.00, 'sachet(s)', 6),
(NULL, 43, 0.00, 'sachet(s)', 6),
(NULL, 44, 0.00, 'sachet(s)', 6),
(NULL, 45, 0.00, 'sachet(s)', 6),
(NULL, 46, 0.00, 'sachet(s)', 6),
(NULL, 47, 0.00, 'sachet(s)', 6),
(NULL, 48, 0.00, 'sachet(s)', 6),
(NULL, 49, 0.00, 'sachet(s)', 6),
(NULL, 50, 0.00, 'sachet(s)', 6),
(NULL, 51, 0.00, 'pièce(s)', 6),
(NULL, 52, 0.00, 'pièce(s)', 6),
(NULL, 53, 0.00, 'pièce(s)', 6),
(NULL, 54, 0.00, 'pièce(s)', 6),
(NULL, 55, 0.00, 'pièce(s)', 6),
(1, NULL, 0.00, 'pièce(s)', 7),
(2, NULL, 0.00, 'pièce(s)', 7),
(3, NULL, 0.00, 'pièce(s)', 7),
(4, NULL, 0.00, 'pot(s)', 7),
(5, NULL, 0.00, 'pot(s)', 7),
(6, NULL, 0.00, 'boite(s)', 7),
(7, NULL, 0.00, 'pièce(s)', 7),
(8, NULL, 0.00, 'pièce(s)', 7),
(9, NULL, 0.00, 'boite(s)', 7),
(10, NULL, 0.00, 'pièce(s)', 7),
(11, NULL, 0.00, 'pièce(s)', 7),
(12, NULL, 0.00, 'pièce(s)', 7),
(13, NULL, 0.00, 'pot(s)', 7),
(14, NULL, 0.00, 'pièce(s)', 7),
(15, NULL, 0.00, 'sachet(s)', 7),
(16, NULL, 0.00, 'pièce(s)', 7),
(17, NULL, 0.00, 'pièce(s)', 7),
(18, NULL, 0.00, 'sachet(s)', 7),
(19, NULL, 0.00, 'sachet(s)', 7),
(20, NULL, 0.00, 'pièce(s)', 7),
(21, NULL, 0.00, 'pièce(s)', 7),
(22, NULL, 0.00, 'pièce(s)', 7),
(23, NULL, 0.00, 'pièce(s)', 7),
(24, NULL, 0.00, 'pièce(s)', 7),
(25, NULL, 0.00, 'pièce(s)', 7),
(26, NULL, 0.00, 'pièce(s)', 7),
(27, NULL, 0.00, 'pièce(s)', 7),
(28, NULL, 0.00, 'sachet(s)', 7),
(29, NULL, 0.00, 'sachet(s)', 7),
(30, NULL, 0.00, 'pot(s)', 7),
(31, NULL, 0.00, 'pot(s)', 7),
(32, NULL, 0.00, 'pot(s)', 7),
(33, NULL, 0.00, 'pot(s)', 7),
(34, NULL, 0.00, 'pot(s)', 7),
(35, NULL, 0.00, 'sachet(s)', 7),
(36, NULL, 0.00, 'pot(s)', 7),
(37, NULL, 0.00, 'pièce(s)', 7),
(38, NULL, 0.00, 'pièce(s)', 7),
(39, NULL, 0.00, 'pot(s)', 7),
(40, NULL, 0.00, 'pièce(s)', 7),
(41, NULL, 0.00, 'pot(s)', 7),
(42, NULL, 0.00, 'pièce(s)', 7),
(43, NULL, 0.00, 'boite(s)', 7),
(44, NULL, 0.00, 'sachet(s)', 7),
(45, NULL, 0.00, 'pièce(s)', 7),
(46, NULL, 0.00, 'pièce(s)', 7),
(47, NULL, 0.00, 'pièce(s)', 7),
(48, NULL, 0.00, 'pièce(s)', 7),
(49, NULL, 0.00, 'pièce(s)', 7),
(50, NULL, 0.00, 'pot(s)', 7),
(51, NULL, 0.00, 'pièce(s)', 7),
(52, NULL, 0.00, 'sachet(s)', 7),
(53, NULL, 0.00, 'pièce(s)', 7),
(54, NULL, 0.00, 'pièce(s)', 7),
(55, NULL, 0.00, 'bouteille(s)', 7),
(56, NULL, 0.00, 'bouteille(s)', 7),
(57, NULL, 0.00, 'bouteille(s)', 7),
(58, NULL, 0.00, 'bouteille(s)', 7),
(59, NULL, 0.00, 'sachet(s)', 7),
(60, NULL, 0.00, 'pot(s)', 7),
(61, NULL, 0.00, 'pièce(s)', 7),
(62, NULL, 0.00, 'pièce(s)', 7),
(63, NULL, 0.00, 'pièce(s)', 7),
(64, NULL, 0.00, 'pièce(s)', 7),
(65, NULL, 0.00, 'pièce(s)', 7),
(66, NULL, 0.00, 'sachet(s)', 7),
(67, NULL, 0.00, 'pot(s)', 7),
(NULL, 17, 0.00, 'pièce(s)', 7),
(NULL, 18, 0.00, 'pièce(s)', 7),
(NULL, 19, 0.00, 'pièce(s)', 7),
(NULL, 20, 0.00, 'pièce(s)', 7),
(NULL, 21, 0.00, 'pièce(s)', 7),
(NULL, 22, 0.00, 'pièce(s)', 7),
(NULL, 23, 0.00, 'pièce(s)', 7),
(NULL, 24, 0.00, 'pièce(s)', 7),
(NULL, 25, 0.00, 'pièce(s)', 7),
(NULL, 26, 0.00, 'pièce(s)', 7),
(NULL, 27, 0.00, 'pièce(s)', 7),
(NULL, 28, 0.00, 'bouteille(s)', 7),
(NULL, 29, 0.00, 'bouteille(s)', 7),
(NULL, 30, 0.00, 'bouteille(s)', 7),
(NULL, 31, 0.00, 'canette(s)', 7),
(NULL, 32, 0.00, 'canette(s)', 7),
(NULL, 33, 0.00, 'canette(s)', 7),
(NULL, 34, 0.00, 'canette(s)', 7),
(NULL, 35, 0.00, 'canette(s)', 7),
(NULL, 36, 0.00, 'canette(s)', 7),
(NULL, 37, 0.00, 'canette(s)', 7),
(NULL, 38, 0.00, 'bouteille(s)', 7),
(NULL, 39, 0.00, 'canette(s)', 7),
(NULL, 40, 0.00, 'canette(s)', 7),
(NULL, 41, 0.00, 'canette(s)', 7),
(NULL, 42, 0.00, 'sachet(s)', 7),
(NULL, 43, 0.00, 'sachet(s)', 7),
(NULL, 44, 0.00, 'sachet(s)', 7),
(NULL, 45, 0.00, 'sachet(s)', 7),
(NULL, 46, 0.00, 'sachet(s)', 7),
(NULL, 47, 0.00, 'sachet(s)', 7),
(NULL, 48, 0.00, 'sachet(s)', 7),
(NULL, 49, 0.00, 'sachet(s)', 7),
(NULL, 50, 0.00, 'sachet(s)', 7),
(NULL, 51, 0.00, 'pièce(s)', 7),
(NULL, 52, 0.00, 'pièce(s)', 7),
(NULL, 53, 0.00, 'pièce(s)', 7),
(NULL, 54, 0.00, 'pièce(s)', 7),
(NULL, 55, 0.00, 'pièce(s)', 7),
(1, NULL, 0.00, 'pièce(s)', 8),
(2, NULL, 0.00, 'pièce(s)', 8),
(3, NULL, 0.00, 'pièce(s)', 8),
(4, NULL, 0.00, 'pot(s)', 8),
(5, NULL, 0.00, 'pot(s)', 8),
(6, NULL, 0.00, 'boite(s)', 8),
(7, NULL, 0.00, 'pièce(s)', 8),
(8, NULL, 0.00, 'pièce(s)', 8),
(9, NULL, 0.00, 'boite(s)', 8),
(10, NULL, 0.00, 'pièce(s)', 8),
(11, NULL, 0.00, 'pièce(s)', 8),
(12, NULL, 0.00, 'pièce(s)', 8),
(13, NULL, 0.00, 'pot(s)', 8),
(14, NULL, 0.00, 'pièce(s)', 8),
(15, NULL, 0.00, 'sachet(s)', 8),
(16, NULL, 0.00, 'pièce(s)', 8),
(17, NULL, 0.00, 'pièce(s)', 8),
(18, NULL, 0.00, 'sachet(s)', 8),
(19, NULL, 0.00, 'sachet(s)', 8),
(20, NULL, 0.00, 'pièce(s)', 8),
(21, NULL, 0.00, 'pièce(s)', 8),
(22, NULL, 0.00, 'pièce(s)', 8),
(23, NULL, 0.00, 'pièce(s)', 8),
(24, NULL, 0.00, 'pièce(s)', 8),
(25, NULL, 0.00, 'pièce(s)', 8),
(26, NULL, 0.00, 'pièce(s)', 8),
(27, NULL, 0.00, 'pièce(s)', 8),
(28, NULL, 0.00, 'sachet(s)', 8),
(29, NULL, 0.00, 'sachet(s)', 8),
(30, NULL, 0.00, 'pot(s)', 8),
(31, NULL, 0.00, 'pot(s)', 8),
(32, NULL, 0.00, 'pot(s)', 8),
(33, NULL, 0.00, 'pot(s)', 8),
(34, NULL, 0.00, 'pot(s)', 8),
(35, NULL, 0.00, 'sachet(s)', 8),
(36, NULL, 0.00, 'pot(s)', 8),
(37, NULL, 0.00, 'pièce(s)', 8),
(38, NULL, 0.00, 'pièce(s)', 8),
(39, NULL, 0.00, 'pot(s)', 8),
(40, NULL, 0.00, 'pièce(s)', 8),
(41, NULL, 0.00, 'pot(s)', 8),
(42, NULL, 0.00, 'pièce(s)', 8),
(43, NULL, 0.00, 'boite(s)', 8),
(44, NULL, 0.00, 'sachet(s)', 8),
(45, NULL, 0.00, 'pièce(s)', 8),
(46, NULL, 0.00, 'pièce(s)', 8),
(47, NULL, 0.00, 'pièce(s)', 8),
(48, NULL, 0.00, 'pièce(s)', 8),
(49, NULL, 0.00, 'pièce(s)', 8),
(50, NULL, 0.00, 'pot(s)', 8),
(51, NULL, 0.00, 'pièce(s)', 8),
(52, NULL, 0.00, 'sachet(s)', 8),
(53, NULL, 0.00, 'pièce(s)', 8),
(54, NULL, 0.00, 'pièce(s)', 8),
(55, NULL, 0.00, 'bouteille(s)', 8),
(56, NULL, 0.00, 'bouteille(s)', 8),
(57, NULL, 0.00, 'bouteille(s)', 8),
(58, NULL, 0.00, 'bouteille(s)', 8),
(59, NULL, 0.00, 'sachet(s)', 8),
(60, NULL, 0.00, 'pot(s)', 8),
(61, NULL, 0.00, 'pièce(s)', 8),
(62, NULL, 0.00, 'pièce(s)', 8),
(63, NULL, 0.00, 'pièce(s)', 8),
(64, NULL, 0.00, 'pièce(s)', 8),
(65, NULL, 0.00, 'pièce(s)', 8),
(66, NULL, 0.00, 'sachet(s)', 8),
(67, NULL, 0.00, 'pot(s)', 8),
(NULL, 17, 0.00, 'pièce(s)', 8),
(NULL, 18, 0.00, 'pièce(s)', 8),
(NULL, 19, 0.00, 'pièce(s)', 8),
(NULL, 20, 0.00, 'pièce(s)', 8),
(NULL, 21, 0.00, 'pièce(s)', 8),
(NULL, 22, 0.00, 'pièce(s)', 8),
(NULL, 23, 0.00, 'pièce(s)', 8),
(NULL, 24, 0.00, 'pièce(s)', 8),
(NULL, 25, 0.00, 'pièce(s)', 8),
(NULL, 26, 0.00, 'pièce(s)', 8),
(NULL, 27, 0.00, 'pièce(s)', 8),
(NULL, 28, 0.00, 'bouteille(s)', 8),
(NULL, 29, 0.00, 'bouteille(s)', 8),
(NULL, 30, 0.00, 'bouteille(s)', 8),
(NULL, 31, 0.00, 'canette(s)', 8),
(NULL, 32, 0.00, 'canette(s)', 8),
(NULL, 33, 0.00, 'canette(s)', 8),
(NULL, 34, 0.00, 'canette(s)', 8),
(NULL, 35, 0.00, 'canette(s)', 8),
(NULL, 36, 0.00, 'canette(s)', 8),
(NULL, 37, 0.00, 'canette(s)', 8),
(NULL, 38, 0.00, 'bouteille(s)', 8),
(NULL, 39, 0.00, 'canette(s)', 8),
(NULL, 40, 0.00, 'canette(s)', 8),
(NULL, 41, 0.00, 'canette(s)', 8),
(NULL, 42, 0.00, 'sachet(s)', 8),
(NULL, 43, 0.00, 'sachet(s)', 8),
(NULL, 44, 0.00, 'sachet(s)', 8),
(NULL, 45, 0.00, 'sachet(s)', 8),
(NULL, 46, 0.00, 'sachet(s)', 8),
(NULL, 47, 0.00, 'sachet(s)', 8),
(NULL, 48, 0.00, 'sachet(s)', 8),
(NULL, 49, 0.00, 'sachet(s)', 8),
(NULL, 50, 0.00, 'sachet(s)', 8),
(NULL, 51, 0.00, 'pièce(s)', 8),
(NULL, 52, 0.00, 'pièce(s)', 8),
(NULL, 53, 0.00, 'pièce(s)', 8),
(NULL, 54, 0.00, 'pièce(s)', 8),
(NULL, 55, 0.00, 'pièce(s)', 8);


INSERT INTO oc_pizza.commande (
  id_commande, pizzeria_id_pizzeria, utilisateur_id_utilisateur, statut_commande, type_de_commande, date, heure, heure_estimative, montant_ttc, methode_de_paiement, paiement_ok
) VALUES
(1, 1, 10, 'close', 'livraison', '2021-04-28', '18:03:27', '18:51:00', 39.6, 'carte bancaire', true),
(2, 1, 11, 'close', 'retrait', '2021-04-29', '18:10:06', '18:53:00', 50.9, 'titre restaurant', true),
(3, 1, 12, 'close', 'retrait', '2021-04-29', '18:06:37', '18:27:00', 17.9, 'espèce', true),
(4, 1, 10, 'close', 'livraison', '2021-04-29', '18:15:03', '18:44:00', 19.8, 'carte bancaire', true),
(8, 1, 16, 'close', 'livraison', '2021-04-29', '18:18:36', '18:52:00', 21.89, 'carte bancaire', true),
(5, 2, 43, 'close', 'retrait', '2021-04-29', '17:49:52', '18:15:00', 14.6, 'carte bancaire', true),
(9, 2, 38, 'close', 'retrait', '2021-04-29', '17:55:43', '18:11:00', 6.5, 'espèce', true),
(10, 2, 56, 'close', 'retrait', '2021-04-29', '18:03:06', '18:18:00', 6.5, 'espèce', true),
(16, 2, 41, 'close', 'livraison', '2021-04-29', '18:11:24', '18:41:00', 16.3, 'titre restaurant', true),
(23, 2, 40, 'livrée', 'livraison', '2021-04-30', '12:38:18', '13:14:00', 32.9, 'carte bancaire', true),
(6, 3, 72, 'close', 'retrait', '2021-04-29', '17:26:08', '17:49:00', 19.98, 'espèce', true),
(11, 3, 79, 'close', 'retrait', '2021-04-29', '17:32:12', '18:15:00', 50.8, 'titre restaurant', true),
(12, 3, 61, 'close', 'retrait', '2021-04-29', '17:37:35', '17:53:00', 8.1, 'espèce', true),
(15, 3, 64, 'annulée', 'livraison', '2021-04-29', '17:43:57', '17:59:00', 6.5, NULL, false),
(21, 3, 75, 'annulée', 'livraison', '2021-04-30', '12:35:34', '13:06:00', 17.9, NULL, false),
(7, 4, 98, 'close', 'livraison', '2021-04-29', '17:45:01', '18:08:00', 15.0, 'carte bancaire', true),
(13, 4, 80, 'close', 'retrait', '2021-04-29', '17:54:43', '18:20:00', 17.9, 'carte bancaire', true),
(14, 4, 92, 'close', 'retrait', '2021-04-29', '18:14:43', '18:54:00', 45.0, 'espèce', true),
(22, 4, 93, 'livrée', 'livraison', '2021-04-30', '12:38:17', '13:25:00', 33.9, 'paypal', true),
(17, 5, 33, 'close', 'livraison', '2021-04-29', '18:17:27', '18:59:00', 27.7, 'espèce', true),
(18, 5, 30, 'close', 'retrait', '2021-04-29', '18:24:05', '18:39:00', 7.9, 'espèce', true),
(19, 5, 32, 'close', 'livraison', '2021-04-30', '12:20:54', '13:04:00', 32.9, 'carte bancaire', true),
(20, 5, 39, 'close', 'livraison', '2021-04-30', '12:27:21', '12:53:00', 11.8, 'paypal', true),
(24, 1, 36, 'prête', 'livraison', '2021-04-30', '12:42:46', '13:23:00', 20.99, 'carte bancaire', true),
(25, 5, 22, 'en livraison', 'livraison', '2021-04-30', '12:43:14', '13:08:00', 17.9, NULL, false),
(26, 3, 62, 'à retirer', 'retrait', '2021-04-30', '12:46:08', '13:06:00', 6.0, NULL, false),
(27, 1, 23, 'livrée', 'livraison', '2021-04-30', '12:51:02', '13:28:00', 17.9, 'carte bancaire', true),
(28, 2, 38, 'en livraison', 'livraison', '2021-04-30', '12:53:29', '13:40:00', 30.00, 'paypal', true),
(29, 4, 91, 'en préparation', 'retrait', '2021-04-30', '12:56:56', '13:27:00', 27.0, 'carte bancaire', true),
(30, 4, 82, 'en attente', 'retrait', '2021-04-30', '12:58:41', '13:45:00', 71.48, NULL, false);


INSERT INTO oc_pizza.ligne_de_commande (
  commande_id_commande, id_ligne_de_commande, produit_id_produit, quantite, prix_ligne_ttc
) VALUES
(1, 1, 2, 1, 17.9),
(1, 2, 4, 1, 17.9),
(1, 3, 36, 1, 1.9),
(1, 4, 39, 1, 1.9),
(2, 1, 1, 2, 30.0),
(2, 2, 4, 1, 17.9),
(2, 3, 38, 1, 3.0),
(3, 1, 5, 1, 17.9),
(4, 1, 4, 1, 17.9),
(4, 2, 28, 1, 1.9),
(5, 1, 9, 2, 14.0),
(5, 2, 49, 2, 0.6),
(6, 1, 55, 2, 7.98),
(6, 2, 13, 1, 6.0),
(6, 3, 15, 1, 6.0),
(7, 1, 6, 1, 15.0),
(8, 1, 52, 1, 3.99),
(8, 2, 3, 1, 16.0),
(8, 3, 17, 1, 1.9),
(9, 1, 12, 1, 6.5),
(10, 1, 10, 1, 6.5),
(11, 1, 3, 1, 17.9),
(11, 2, 6, 1, 15.0),
(11, 3, 7, 1, 17.9),
(12, 1, 15, 1, 6.0),
(12, 2, 30, 1, 2.1),
(13, 1, 3, 1, 16.0),
(13, 2, 31, 1, 1.9),
(14, 1, 1, 3, 45.0),
(15, 1, 11, 1, 6.5),
(16, 1, 16, 1, 6.0),
(16, 2, 28, 1, 1.9),
(16, 3, 10, 1, 6.5),
(16, 4, 35, 1, 1.9),
(17, 1, 2, 1, 17.9),
(17, 2, 14, 1, 6.0),
(17, 3, 17, 2, 3.8),
(18, 1, 15, 1, 6.0),
(18, 2, 37, 1, 1.9),
(19, 1, 7, 1, 17.9),
(19, 2, 6, 1, 15.0),
(20, 1, 13, 1, 6.0),
(20, 2, 27, 1, 3.9),
(20, 3, 33, 1, 1.9),
(21, 1, 2, 1, 17.9),
(22, 1, 7, 1, 17.9),
(22, 2, 3, 1, 16.0),
(23, 1, 1, 1, 15.0),
(23, 2, 5, 1, 17.9),
(24, 1, 54, 1, 3.99),
(24, 2, 6, 1, 15.0),
(24, 3, 29, 1, 2.0),
(25, 1, 7, 1, 17.9),
(26, 1, 13, 1, 6.0),
(27, 1, 5, 1, 17.9),
(28, 1, 6, 2, 30.0),
(29, 1, 14, 2, 12.0),
(29, 2, 8, 1, 12.0),
(29, 3, 38, 1, 3.0),
(30, 1, 53, 1, 3.99),
(30, 2, 52, 1, 3.99),
(30, 3, 3, 1, 16.0),
(30, 4, 5, 1, 17.9),
(30, 5, 4, 1, 17.9),
(30, 6, 24, 3, 11.7);
